Id,ORGANIZATION,NAME,GENDER,SPECIALITY,ADDRESS,CITY,STATE,ZIP,LAT,LON,ENCOUNTERS,PROCEDURES
e7aa64d6-3ae9-3423-8df9-309d60365537,74ab949d-17ac-3309-83a0-13b4405c66aa,Gabriel934 Reilly981,F,GENERAL PRACTICE,881 Main Street,Fitchburg,MA,01420,42.586487,-71.80521,792,0
024b37a5-7f5d-369d-86d0-1e2a4824f82e,588f6ce6-b8db-3588-8189-29db2680a313,Tiffaney302 Brakus656,F,GENERAL PRACTICE,461 WALNUT AVE,JAMAICA PLAIN,MA,021302331,42.311587599999996,-71.09800136347226,73,0
cdc0192a-d31f-316a-8eef-b0cd6142cf2d,faffaf6a-ee1a-3673-b0b0-421a9c249244,Jaunita130 Armstrong51,F,GENERAL PRACTICE,66 WASHINGTON ST,STOUGHTON,MA,020722571,42.14415820061801,-71.10378319512402,354,0
a097874d-ec3b-337d-b4a1-fc626a3550f9,17a4bae5-8b64-34d7-8144-b428be027bd0,Olympia319 Ward668,F,GENERAL PRACTICE,512 MAIN STREET  SUITE 211,SHREWSBURY,MA,015456406,42.295109499999995,-71.71808471110307,47,0
a7d2d9b3-dc95-3fd1-8ca5-9b73a7a9e2c9,4112b8b1-59df-3255-a7ca-f42ee0a4cb2e,Ambrose149 Feeney44,M,GENERAL PRACTICE,37 ROUTE 6A,SANDWICH,MA,025631801,41.766329400000004,-70.5147600346998,5,0
550e8ada-8981-3ff5-ae4a-c4efac8ed9f6,e09d4c49-c2ef-3b0f-9a46-3719d9219306,Ronald408 Emard19,F,GENERAL PRACTICE,60 HOSPITAL RD,LEOMINSTER,MA,014533290,42.54031915,-71.76312990486304,219,0
6ef57a48-5944-3b2a-997b-8a7026c1ddca,e76b5eb0-0c9d-3593-b5da-3c0e9a97bb96,Felipe97 Delao225,M,GENERAL PRACTICE,1400 VFW Parkway,West Roxbury,MA,02132,42.2793,-71.1657,148,0
5504da95-610e-3ed5-acba-5e54f34522f7,c241b977-4131-32e4-9957-e0a00b2a1e5f,Brittanie254 Krajcik437,F,GENERAL PRACTICE,94 MAIN STREET,HYANNIS,MA,026013146,41.6562802,-70.27448000204822,11,0
ba48222f-200d-33a2-b0be-85f3521787d0,77645e49-3f69-3d1d-bb93-dc65210e2fac,Vella930 Ankunding277,F,GENERAL PRACTICE,363 HIGHLAND AVE,FALL RIVER,MA,027205246,41.7093779,-71.1460783680883,7,0
b261f012-1d5c-3146-b0ba-fbdfee862495,6fafb5d4-ecca-37ab-8d24-53036a8cbf1e,Shelley12 Nikolaus26,F,GENERAL PRACTICE,320 WEST CENTER STREET  2ND FLOOR,WEST BRIDGEWATER,MA,02379,42.016080599999995,-71.02601589317304,21,0
acb5b90b-90fb-3359-9cd3-884b27bd4b2b,aa682136-a4df-3942-9f50-e6fcee6c0b73,Precious140 Runolfsson901,F,GENERAL PRACTICE,501 CORDWAINER DRIVE,NORWELL,MA,020611630,42.1647071,-70.88149077838713,2,0
d0e316d2-bf16-3b92-a44a-7ed4c31b7c75,5becf220-2978-3f33-bd38-9326947f85de,Thad495 Leannon79,M,GENERAL PRACTICE,240 LYNNFIELD STREET,PEABODY,MA,019605055,42.5141736,-70.97106354209534,17,0
552321ed-e545-3c54-9a96-9255020fc18b,ae88fd02-4911-3625-9e97-85b626ed3b0b,Cherrie404 Farrell962,F,GENERAL PRACTICE,476 VARNUM AVE,LOWELL,MA,018542122,42.6443795,-71.34721987550876,3,0
5492df32-c005-3246-b6c9-86a96ea9636c,3cd7d7ea-0053-36bf-b8a6-c5a2bd4f588a,Nieves278 Johnston597,F,GENERAL PRACTICE,180 LOW ST,NEWBURYPORT,MA,019503519,42.815683050000004,-70.89666045994463,4,0
7065a85f-86fd-3424-86c9-5305ec66f2f2,2936ca90-6594-357d-be14-53fe0ab84dd1,Daniel959 Ankunding277,M,GENERAL PRACTICE,11 TREMONT ST,KINGSTON,MA,023641231,42.00823215,-70.72984043580247,41,0
e6b5ca1c-c9a0-3f4a-a13b-6a1e027630a4,42d4b607-f14d-370a-818e-40965685776c,Arlen68 Hettinger594,M,GENERAL PRACTICE,3 WASHINGTON ST STE 220,NORTH EASTON,MA,023561034,42.0667665,-71.1036592,495,0
3f2bba5a-5553-3153-946a-dcfd75e2c51c,ab701a70-a658-340e-8f69-ee196a7d40c6,Bud153 Parisian75,M,GENERAL PRACTICE,484 RTE 134,WORCESTER,MA,016071728,42.2625621,-71.8018877,127,0
db188b67-f621-3596-b62b-ba5a0b56835a,11ba6a26-59b4-3728-a268-6dc9929962b4,Archie818 McCullough561,M,GENERAL PRACTICE,200 GOVERNORS AVENUE,MEDFORD,MA,021551644,42.42711615,-71.1121606632448,14,0
29559407-0a63-3747-8157-f5afc91370c5,f736c0f5-6d39-3e26-8ac1-39e1fc60dfbe,Huong243 Jakubowski832,F,GENERAL PRACTICE,11 QUARRY HILL ROAD,LEE,MA,012389645,42.2816564,-73.25307843923315,33,0
ced568fd-f0a3-3458-ae45-349d1b1cfc4e,af2d050e-91a7-3acb-8b27-0bf6a259645e,Cecila397 Bernhard322,F,GENERAL PRACTICE,57 CITY HALL AVE,GARDNER,MA,014402614,42.5760669,-71.9934081,54,0
f08cf175-b3b2-3254-aa0c-6858c86892fe,71472d9b-aa5c-3b49-a5c3-d0eee8859015,Tyree261 Kutch271,M,GENERAL PRACTICE,118 WATERHOUSE RD STE C,BOURNE,MA,025328305,41.7281115,-70.5861571324252,128,0
f4b96ad1-9731-3be0-93f7-78b29d7758b8,8a2e2731-3240-39d1-b4f0-cad14200937d,Randa356 Ritchie586,F,GENERAL PRACTICE,88 WASHINGTON ST,TAUNTON,MA,027802465,41.9062805,-71.09518121351795,62,0
89b0ec13-d7d1-36dc-aec2-1a0e6a348f75,dcbd0460-9bcf-3e7d-a923-1d22bcc5a9bd,Troy560 Dooley940,F,GENERAL PRACTICE,279 DALTON AVENUE  SUITE B,PITTSFIELD,MA,012013500,42.4606344,-73.22185917597403,15,0
9617b4b0-6762-3b02-8ccd-4ad038bd3e36,88e28a1c-aad9-36d0-832b-b579ecb95c3d,Cherish740 Toy286,F,GENERAL PRACTICE,14 MANNING AVENUE,LEOMINSTER,MA,014535768,42.5253035,-71.7584413,68,0
6e828505-43ed-3961-80f1-dbd210bda1aa,bd6cec50-10de-3696-940b-4022618764ab,Lynn917 Graham902,F,GENERAL PRACTICE,40 MARTIN ST,MELROSE,MA,021763607,42.457050550000005,-71.07494593157304,3,0
72089e72-5a45-3485-9574-dc4392458aae,f6dac745-644b-3837-aa26-de3c910f6b17,Dannie881 Reichert620,M,GENERAL PRACTICE,10 EMORY ST,ATTLEBORO,MA,027032335,41.9447388,-71.27972821642685,17,0
9128a702-e7c0-3de8-9fee-c26b42e20a04,52ecddd8-42f6-35cc-88a5-cf474c02fb49,Javier97 Otero621,M,GENERAL PRACTICE,94 OBERY STREET,PLYMOUTH,MA,023602130,41.93725,-70.65503160208334,17,0
d8102a42-3ed2-331a-9665-9cabb2eaebc6,592a8cbc-999b-3060-89e3-60925fa3c349,Voncile324 Hintz995,F,GENERAL PRACTICE,865 CENTRAL AVE,NEEDHAM,MA,024921316,42.2905133,-71.25420518075296,29,0
4c7224b8-fe4c-3d51-8c44-d8bb1a5cac2a,05bcaa3e-aa5d-3b03-ba26-7e4d2e083681,Kurt412 Howe413,M,GENERAL PRACTICE,1 LOVE LN,SOUTH DENNIS,MA,026603445,41.699084799999994,-70.13271830347861,1,0
7868e6de-01a6-3b61-b05d-15d1a797c8b6,2b376b69-72ac-3d68-aceb-018e82b8fc8f,Lucas404 Klocko335,M,GENERAL PRACTICE,113 CENTRAL AVE,HYDE PARK,MA,021363021,42.26077065,-71.1187885119897,2,0
5a205337-3fc4-31df-863c-412c52078303,3f4167a5-1477-35da-a456-fc05c8858aa7,Ouida808 Bednar518,F,GENERAL PRACTICE,244 MAIN STREET ANNEX,WORCESTER,MA,016023339,42.2625621,-71.8018877,41,0
240449c6-166c-38bb-a6ac-285c0e32504f,fa564970-fde4-332c-91d9-c0747b032d3e,Jennefer743 Hudson301,F,GENERAL PRACTICE,34 SOUTH LINCOLN STREET,NATICK,MA,017606049,42.2731232,-71.3105334275248,25,0
7c175d5a-66a3-3d90-ad06-9d5716185430,39104cad-5228-3e07-9b3e-3ad736b33d5d,Hilda552 Muller251,F,GENERAL PRACTICE,200 PROVIDENCE HWY,DEDHAM,MA,020261881,42.22214545274341,-71.18159060546684,30,0
a6acd350-fd2c-3286-bca6-4d47b7060c8a,1311c44a-85cb-3aea-a143-e5d7892ced8b,Rudolf736 Reinger292,M,GENERAL PRACTICE,300 KENSINGTON AVE,SPRINGFIELD,MA,011071139,42.091896,-72.559437,33,0
8c829c39-5532-319b-9104-88a7fd678504,5fab4eec-522e-334a-a3e0-41605e009495,Lyla842 Fadel536,F,GENERAL PRACTICE,485 FRANKLIN ST,FRAMINGHAM,MA,017026215,42.2901292,-71.42823088074331,1,0
a5e4348c-4d52-3441-aa64-9306220a3af5,817a1428-2045-3e89-9fa2-ef7d287d6fa5,Dana512 Schuster709,M,GENERAL PRACTICE,70-71 N PARISH RD,LAWRENCE,MA,01843,42.690315,-71.150015,74,0
8675f35a-b8ef-3957-827b-6fc7a1334503,b4359169-6bc8-3e93-9e0c-19c6bf518e58,Hallie315 Auer97,F,GENERAL PRACTICE,126 MONUMENT ST,HAVERHILL,MA,018322527,42.78715445,-71.10946686154523,1,0
b6a5d8bd-e9c5-3024-816e-4cb01fa3813c,4846e68f-845b-38e6-aa40-48196bf9ff0e,Carylon722 Corwin846,F,GENERAL PRACTICE,130 COLRAIN RD,GREENFIELD,MA,013019625,42.59140995,-72.62336230812821,4,0
f8a96fe0-3c7a-316f-9837-4c02aea72755,667b46fe-0afa-3f70-a311-bbe3d52db050,Mickey576 Borer986,F,GENERAL PRACTICE,757 BOSTON POST RD,WORCESTER,MA,016071728,42.231371,-72.165386,8,0
ace787f0-7b57-32ec-b9bc-e5ae11b25461,0ff7cb48-0c93-31cf-9442-0b034084d588,Rodrick370 Kreiger457,M,GENERAL PRACTICE,2 BEAUMONT AVE,BROCKTON,MA,023023302,42.0835203,-70.98856021035954,1,0
784bf906-9a59-3305-b4fc-1732251e1246,50a91b37-cb62-3883-aa31-33802f142c2d,Forrest301 Bashirian201,M,GENERAL PRACTICE,65 WALNUT ST,WELLESLEY,MA,024812112,42.324730450000004,-71.25364984557581,45,0
0860a3e1-df86-34bf-acab-db36d27c34bd,a4af40b8-0ddb-34bb-ae4a-95a17e9ad6f3,Tambra47 Heaney114,F,GENERAL PRACTICE,100 MYLES STANDISH BOULEVARD  SUITE 103,TAUNTON,MA,027807340,41.948930849999996,-71.14141318475193,15,0
d78b31bf-124f-3b0b-b41d-10719f8ca260,f945589f-88aa-366b-9e9d-2418d091112d,Ulysses632 Ziemann98,M,GENERAL PRACTICE,105 ERDMAN WAY,LEOMINSTER,MA,014531805,42.54685255,-71.75737313871981,28,0
49505078-6b5c-3a32-bacd-db1fe4f8d605,dd913783-9448-36f9-816d-37199011617b,Berniece493 Corkery305,F,GENERAL PRACTICE,7 HARVARD ST STE 220,BROOKLINE,MA,024457979,42.333476142857144,-71.11868571428572,22,0
22f1138a-5ab9-392e-a7f7-57979b276065,775df862-d2d1-3a68-9814-043f6aa6ea66,Rueben647 Barrows492,M,GENERAL PRACTICE,770 CONVERSE ST,LONGMEADOW,MA,011061719,42.0639853,-72.5521444,5,0
d4a27fbe-1a05-39d5-a2e3-bdd6081d5147,fe675917-7b09-3afd-a6e6-128cc4de4734,Chery887 Kohler843,F,GENERAL PRACTICE,319A ALLSTON STREET,BRIGHTON,MA,021357652,42.345093,-71.139804,9,0
e836ce10-2d56-395c-be04-4ba9c841b322,bdc3ee76-9cf3-316d-b202-a8da1ea3fa20,Laverna97 Rippin620,F,GENERAL PRACTICE,130 RUMFORD AVENUE  SUITE 211,AUBURNDALE,MA,024661370,42.35853505,-71.24125521214887,17,0
9d9e2c19-d565-326f-9fe1-1f7ea08e82fe,7f08f09e-c5f7-38cd-83ba-ddafedd88a13,Shayne60 Pacocha935,M,GENERAL PRACTICE,133 SALEM ST,REVERE,MA,021511114,42.43833805,-71.01730877599738,2,0
62f050bc-334e-3fc3-bdd1-ff342b28b1c4,643eac8e-1620-3b6a-b9f3-664b003d22cd,Frederick289 Kiehn525,M,GENERAL PRACTICE,34 GIFFORD ST,NEW BEDFORD,MA,027442610,41.6177929,-70.91890087055067,139,0
ed1d18ec-c153-3a4a-955f-1f504a550226,8e3ca57f-6f74-3d61-9803-ab1424290216,Humberto482 Mann644,M,GENERAL PRACTICE,89 MORTON STREET,ANDOVER,MA,018102036,42.6551409,-71.12857340697036,12,0
36c0e90b-fff5-3974-b97a-c66b261fc357,5fcff9db-16e4-3e56-aa78-abbc16338097,Margene509 Schamberger479,F,GENERAL PRACTICE,295 VARNUM AVE,WESTFORD,MA,018863513,42.5792583,-71.4378411,328,0
eae6d981-54e1-38cf-919b-47f885177411,fa09396a-2926-3b21-ad0c-9f6cabbce0eb,Raquel318 Zaragoza109,F,GENERAL PRACTICE,1210 BOSTON PROVIDENCE TPKE,NORWOOD,MA,020625061,42.1714075,-71.1951186,5,0
e34563ba-b426-36f2-89e7-8eb4ae05483b,40c01d75-1542-3e0b-8e5f-78d3031beba1,Daysi106 Reynolds644,F,GENERAL PRACTICE,505 PARADISE RD,SALEM,MA,019704267,42.485927,-70.900301,61,0
73a58a2c-0d42-3e2a-b7c4-3ac922194b7f,84abfbd5-41c1-3df4-9b31-7ca93cb2309a,Cole117 Block661,M,GENERAL PRACTICE,85 HERRICK ST,BEVERLY,MA,019151790,42.56415055,-70.8751357650672,125,0
380fa6cb-0575-30c0-910a-9eec324afb2c,cce87420-edd2-3473-9d82-5633f05186a7,Filiberto722 Keebler762,M,GENERAL PRACTICE,121 NORTHBORO RD E,MARLBOROUGH,MA,017521844,42.3420796,-71.58749123634463,1,0
2ccb5647-f54d-324f-a9e1-0fb6965292c6,1ddd51d1-7297-3c3b-bad5-98aecd5e4a79,Dinah304 Kub800,F,GENERAL PRACTICE,127 CAMBRIDGE STREET  SUTIE #2B,BURLINGTON,MA,018033735,42.50188325,-71.19559351572005,12,0
baf9e82a-08a1-38a0-8d0b-2574503fc74c,4cb90b5f-734d-322f-a2f2-776824e1ce35,Irvin970 Emard19,M,GENERAL PRACTICE,770 CONVERSE STREET,LONGMEADOW,MA,011061719,42.0639853,-72.5521444,129,0
0c541a8b-c571-3048-bd77-c2b6a74e9f4e,2e1eaaf1-ebb0-332c-8921-f48e15b91879,Delmer311 Nolan344,M,GENERAL PRACTICE,2 SEAPORT DRIVE,QUINCY,MA,021711599,42.29287335,-71.03019020136307,24,0
8493ad95-2858-3512-905a-bf16da77b3d1,c272e12f-e154-3fee-b05d-b7c0cab2657d,Trinidad33 King743,M,GENERAL PRACTICE,800 WASHINGTON ST,NORWOOD,MA,020623487,42.1886973,-71.2005241,248,0
adb80800-3405-3c95-b3f2-54c08b966064,b66db758-a205-3227-9cfb-bf19d2c1962d,Noreen211 Stroman228,F,GENERAL PRACTICE,121 HARVARD AVENUE  2ND FL,ALLSTON,MA,021342702,42.35241825,-71.13220132573996,11,0
ef44f4ac-e77a-30b3-a381-3ec49f91d618,b99b7849-2b53-33fb-8ce2-e3a95f17ae51,Diego848 Pouros728,M,GENERAL PRACTICE,910 BOSTON POST ROAD SUITE 320,MARLBOROUGH,MA,017523761,42.355106,-71.47654,4,0
9030e462-509f-36f1-934b-a5505530c34e,f6a306cf-7bd6-35f4-a6b7-2d07d273914c,Ariel183 Von197,M,GENERAL PRACTICE,63 FOUNTAIN ST STE 402,FRAMINGHAM,MA,017026280,42.27595495,-71.42631150114194,61,0
fb11780b-7878-3587-a382-fec4efe0cf27,32fcdfba-8c93-30f4-b15b-dd3b65c29deb,Jody426 Bernhard322,M,GENERAL PRACTICE,20 NORTH MAPLE STREET,HADLEY,MA,010359715,42.3615107,-72.55261320852942,8,0
2dadf835-6108-3a8d-b3ea-6cd170bd037c,0ddb0329-b59d-3187-874c-602c649249c8,Lynn917 Cassin499,F,GENERAL PRACTICE,115 W SILVER ST,WESTFIELD,MA,010853678,42.1178811,-72.75935246865802,273,0
ddb09282-e6e3-3f00-a7b6-97dbc227e000,1e3ca321-fbbb-3546-b9ea-c3761a20324a,Clotilde434 Howe413,F,GENERAL PRACTICE,605 Lincoln Street,Worcester,MA,01605,42.297756,-71.766815,133,0
75a52a60-57d2-31bf-b18f-699c68b4d309,764bf964-6ab7-30eb-885b-3d713ca43265,Wayne846 Wilderman619,M,GENERAL PRACTICE,ROUTE 6   P O BOX 1430,WELLFLEET,MA,026677402,41.936423,-70.021074,39,0
606934c9-4695-384f-bffc-69934bcff370,2cf06ddc-4c55-3c91-98f1-fb0188079c27,Shelby741 Rolfson709,M,GENERAL PRACTICE,10 VETERANS MEMORIAL DRIVE,MILFORD,MA,017572900,42.14682295,-71.50153080894427,5,0
25589344-d982-338a-bd52-d2d5d343840d,d85d8f19-03ac-3ad5-957d-e8a36f7002de,Ellis535 Muller251,M,GENERAL PRACTICE,165 TOR CT,PITTSFIELD,MA,012013001,42.457583299999996,-73.2812227954125,7,0
95b81024-c0a1-3e58-98de-ecac9b15bbca,02c936e2-3aee-38b2-88a4-81f3689b7bb7,Royce974 Kohler843,F,GENERAL PRACTICE,120 FISHER AVENUE,BOSTON,MA,021203320,42.3276141,-71.1051603,19,0
c71bc2ff-c435-3852-9c5c-5d59d135c0bc,5f7663da-4b19-3629-b8f2-fb07d75421d9,Savanna736 Johnson679,F,GENERAL PRACTICE,42 ASBURY ST,SOUTH HAMILTON,MA,019821808,42.61322825,-70.87300675048934,62,0
1e04c896-b38c-3211-90b1-aa7e4d715f5e,609ec9f1-e806-3427-b912-9e3b2915521d,Cherrie404 Conn188,F,GENERAL PRACTICE,575 BEECH STREET,HOLYOKE,MA,010406604,42.20105435,-72.628169560868,3,0
a5a18e96-bf9e-3718-a252-1892717e71c4,5fa5e611-be3d-3ebb-8f71-124325f6005f,Rachele486 Nikolaus26,F,GENERAL PRACTICE,480 ROUTE 6A,EAST SANDWICH,MA,025371438,41.742172,-70.45251,107,0
d13abcf9-d98a-3018-9ab8-cdc14706b835,9fd71acd-3535-353d-975f-ed7dbf5f9961,Yvette315 Herzog843,F,GENERAL PRACTICE,250 GREEN ST,GARDNER,MA,01440,42.586896550000006,-71.98672640006858,37,0
26ea39a4-6a12-39ce-83a8-d8914677f664,e93b27a8-6507-3595-84a5-f899ce23a72d,Gertha313 Sanford861,F,GENERAL PRACTICE,70 EAST STREET,NORTH ANDOVER,MA,018456144,42.6839894,-71.1127065,72,0
98d6ea90-2d51-3200-a7f5-222206dfe8f7,2b84e56e-08b4-3078-b3ea-4d159208e065,Barton704 Bahringer146,M,GENERAL PRACTICE,1029 PLEASANT ST,BRIDGEWATER,MA,023242301,41.9718173,-71.00937893001648,126,0
f7797fd2-9e40-3e65-b1c2-6d4083c8ee74,7b9a19b2-d900-3f93-a47b-4b88491fb57b,Tommy814 Witting912,F,GENERAL PRACTICE,308 KINGSTOWN WAY,DUXBURY,MA,023324647,42.030389650000004,-70.73959947632582,4,0
1ef293d4-d823-309b-9dfd-65a1e8d20e49,4ffa4412-1493-3beb-b8f0-6614dde953a4,Sulema841 Ryan260,F,GENERAL PRACTICE,363 HIGHLAND AVENUE,WAREHAM,MA,025715011,41.745636,-70.658192,1048,0
f73f8f3d-7bb9-3b08-955c-863fcb23f49d,ede4a423-6258-3ef5-b5ba-0fa6bb579563,Pablo44 Paucek755,M,GENERAL PRACTICE,326 NICHOLS ROAD,FITCHBURG,MA,014205478,42.5974358,-71.80761197366103,28,0
7cb90205-0bec-3dd1-b2d4-a40ae58e0386,a14e698d-a9ba-3eae-9c8b-682ec726433d,Brian582 Cummerata161,M,GENERAL PRACTICE,776 WESTERN AVE,LYNN,MA,019052408,42.466763,-70.9494939,165,0
eb281df5-5366-37b3-8b78-5257a302ed30,dd9914b0-9491-3330-a890-d34e95e497ea,Débora815 Rojas511,F,GENERAL PRACTICE,1061 PLEASANT ST,NEW BEDFORD,MA,027406728,41.64280275,-70.92865004309593,121,0
28b2ff9d-c83f-398b-8027-39504f133eb0,a247ed53-5f17-3eb5-87be-1d2257fa1579,Kayleigh718 Weissnat378,F,GENERAL PRACTICE,44 KEYSTONE DR,LEOMINSTER,MA,014531904,42.55144955,-71.74402465363428,1,0
f3633f0e-c569-3cdb-8c2a-5594c690c4e7,4c1a8ea6-b690-3c28-a02e-ebd82190ee65,Marcos263 Cronin387,M,GENERAL PRACTICE,885 WASHINGTON ST,BOSTON,MA,021111415,42.3479909,-71.064924,33,0
39319d59-9fea-382d-a90c-b870b45fbd24,a7147477-c4dd-3018-b921-2707d7e098ee,Chrystal576 Kreiger457,F,GENERAL PRACTICE,164 PARKINGWAY,QUINCY,MA,021695020,42.245070088637796,-71.00313070924581,10,0
a6abe8fa-d678-3d9c-888d-4c84180d3312,5ba6765a-f335-36b0-9c6a-6bb494c5330d,Sasha806 Schamberger479,F,GENERAL PRACTICE,31 OLD ROUTE 7,WESTWOOD,MA,020902333,42.2139873,-71.2244987,7,0
95fc8b1c-1e88-3590-8c44-bac41cf6c979,b6eeaaf7-1683-3bcb-b6ee-81ce304636ef,Zachery872 Pagac496,M,GENERAL PRACTICE,170 GOVERNORS AVE,MELROSE,MA,021763225,42.4564323,-71.064182,833,0
d29ce7e1-db67-3723-938f-754f59944de3,1c42af32-f17e-32ec-b007-4ff8e2de493e,Sherman440 Wunsch504,M,GENERAL PRACTICE,235 NORTH PEARL STREET,STOUGHTON,MA,020723396,42.1004556,-71.0668392,44,0
847b9f6c-4376-30f3-83a8-50f00d3bdd1b,12dc66ee-e2c7-3d5a-892e-157ff1d47f32,Venice604 Rogahn59,F,GENERAL PRACTICE,242 GREEN ST,WINCHENDON,MA,014751820,42.68061,-72.060691,122,0
a26c63de-b727-35a4-b441-587a68dbb929,d613e441-68e8-3502-8adb-3f770a1276bf,Marcos263 Caldera106,M,GENERAL PRACTICE,114 WATER ST,MILFORD,MA,017573007,42.13661855,-71.53474614336832,145,0
c867941e-cf5b-3f3f-909e-c6b2977d55da,5560b42e-563f-33e7-aa77-a2d17ab90066,Adalberto916 Brown30,M,GENERAL PRACTICE,10 CABOT RD STE 201,STOUGHTON,MA,020723754,42.1252079,-71.1022015,48,0
b3ef3c10-01db-32f3-b0b3-1c7feaa30611,de29a374-221b-3cb4-8051-a02c1a35e5b7,Gwyneth692 Marvin195,F,GENERAL PRACTICE,562 WASHINGTON ST,SOUTH ATTLEBORO,MA,027036942,41.912892049999996,-71.36135809627689,130,0
9af083e6-dea0-38b8-b37e-d44541dd768d,b0b89e26-30e3-35d4-af87-29fb529579cf,Julian715 Jakubowski832,M,GENERAL PRACTICE,391 HANOVER ST,FALL RIVER,MA,027205432,41.71019285,-71.14377103194548,2,0
bed6c7d4-9765-3565-9a21-31e258b31de3,ea153d0a-9ccc-3769-9a25-934b417071b7,Tashina114 Towne435,F,GENERAL PRACTICE,463 WORCESTER RD,FRAMINGHAM,MA,017015354,42.3095704,-71.4413097,243,0
15763b6a-e0cf-3fb1-a3b0-96a4c60745dc,d3085315-9893-34c7-8889-3a31dc17c2b0,Ethyl508 Rau926,F,GENERAL PRACTICE,1428 MAIN ST STE 7,WALPOLE,MA,020811729,42.1325911,-71.2618886,164,0
4ced171b-a984-30b1-8c6c-f637af47e7a2,cfdca72d-58a2-3bb6-9986-81a5be27f92f,Dora90 Dach178,F,GENERAL PRACTICE,30 MA AVE,NORTH ANDOVER,MA,018453458,42.6839894,-71.1127065,11,0
8fb3207d-20d2-30b0-a0a3-3c6e969f65d9,eed72b73-31ec-3f0a-9ec4-cee4ea7da02a,Love546 Stoltenberg489,F,GENERAL PRACTICE,154 WATER ST,DANVERS,MA,019234103,42.54484315,-70.91821226389943,2,0
1d99b0e7-ef5e-3a44-a243-3870de67c814,469171e3-f6ec-3258-8e16-7038f6a439c0,Rodger755 Brakus656,M,GENERAL PRACTICE,COUNTRYSIDE DRIVE,MILFORD,MA,017571252,42.1413353,-71.5192019,4,0
a5bee6ed-969d-3031-91d2-18df9cd63743,6da1fb82-e214-3226-b32c-e93faf0c3764,Hwa978 Hane680,F,GENERAL PRACTICE,1 UNION STREET,LAWRENCE,MA,018401815,42.706184,-71.153288,1,0
f9bd7bc1-82ba-3c30-835a-ae95e0309505,18061fd5-fda8-3e2d-87f0-0f3c87211bcc,Omer483 Koepp521,M,GENERAL PRACTICE,1493 CAMBRIDGE ST,SOMERVILLE,MA,021431408,42.3875968,-71.0994968,264,0
bf6a9536-dccf-389e-bb2c-975fb68add3b,1faab3d1-2ae5-3110-8e5f-c65b92ca906d,Terri848 Ankunding277,F,GENERAL PRACTICE,29 LEWIS AVE,GREAT BARRINGTON,MA,012301713,42.19093125,-73.3715000043024,160,0
d35b5df4-f7ad-3871-96ba-cb72999384d6,a2b4aab1-3117-3d51-81d3-81c0ed9ad6f4,Ezequiel972 Kertzmann286,M,GENERAL PRACTICE,34 SCHOOL ST,FOXBOROUGH,MA,020352318,42.06467495,-71.25151295640843,24,0
ba4b46b4-c0af-35f2-8c2a-6fd136b70cd6,76281d34-caff-30e0-8545-bcdf33182109,Jewell855 Schmeler639,M,GENERAL PRACTICE,500 WILBUR AVENUE,SOMERSET,MA,027252051,41.72075205,-71.16843052114558,79,0
d2272573-34f7-3d9f-9dd8-b170efbafc5f,4633340c-c833-30a3-ab0e-f5cfa5fda28b,Kimberly627 Trantow673,F,GENERAL PRACTICE,250 GREEN ST,GARDNER,MA,014401377,42.586896550000006,-71.98672640006858,41,0
6121d7ea-ba55-316e-a577-90626e177db8,7e97f720-f99d-3402-98a4-a144aaa5bd01,Karl184 Hansen121,F,GENERAL PRACTICE,210 JONES RD,FALMOUTH,MA,025402974,41.5614958,-70.6117407224321,44,0
2cccb81a-cff6-3988-a57a-1861802b22de,b3ada130-6443-3a8e-98c7-4ec127a2b0c4,Ned189 Haley279,M,GENERAL PRACTICE,ONE GREAT ROAD,ACTON,MA,017205601,42.4850931,-71.43284,23,0
533f2042-e537-3f5b-91c2-790c56be6712,7489f6e0-fee6-3fff-90b6-444868eb907c,Mariette443 Rau926,F,GENERAL PRACTICE,1 KIDDIE DRIVE  SUITE 106,AVON,MA,023221182,42.130150349999994,-71.05720685110387,1,0
e8520592-d8fb-3684-a821-e055d10175d3,06f1d816-dd54-3409-bd94-8dc2745f807c,Erin498 Hand679,M,GENERAL PRACTICE,12 KENT WAY  SUITE 210,BYFIELD,MA,019221221,42.75468625,-70.9451078257969,6,0
3c804416-2a1a-3a80-a11a-368553935251,acffdfa8-1383-3929-8c99-e73969491439,Warren653 O'Keefe54,M,GENERAL PRACTICE,1153 CENTRE ST,BOSTON,MA,021303446,42.3017598,-71.12855793387442,214,0
2a861895-0d94-3333-a40f-546d633edf83,044e0760-ec11-3452-a46e-8af2bbeec083,Terry864 Towne435,M,GENERAL PRACTICE,90 WEST STREET,WILMINGTON,MA,018873039,42.54038775,-71.13933791916014,1,0
c4c9d3ae-b867-3d39-a645-c7f4f4b2d73c,43e33b67-64ac-3314-99ee-114fb2b56b80,Fidel864 Cummerata161,M,GENERAL PRACTICE,200 HILLSIDE CIRCLE  SUITE 2,WEST SPRINGFIELD,MA,010894681,42.105237,-72.6213712,15,0
3f660196-8214-35ee-bbbc-9501544afcfe,1e11392b-1278-3e70-93cd-f396cbd0c265,Gino587 Block661,M,GENERAL PRACTICE,115 LINCOLN ST,NATICK,MA,017607700,42.2843753,-71.3441395,1274,0
9408f4b8-0311-31cd-9cc1-3540a5bbe11e,fe30f2b4-9bc8-346e-afba-4455d1766545,Wilson960 Turner526,M,GENERAL PRACTICE,17 LAFAYETTE AVENUE,CHELSEA,MA,021502010,42.40019115,-71.03050082480353,22,0
5cbcfa16-6e88-3447-a16f-6484eb938b9b,6cf8a214-8d57-3267-85e5-7719e15cd63e,Michel472 Zulauf375,M,GENERAL PRACTICE,170 MORTON STREET,JAMAICA PLAIN,MA,021303735,42.299067750000006,-71.10124351911541,391,0
6ce83807-8915-31ae-9b10-ed5878ea43d8,4bc0cc09-77e5-37f5-844d-64a6637cae54,Ahmed109 Feil794,M,GENERAL PRACTICE,91 EAST MOUNTAIN ROAD,WESTFIELD,MA,010851801,42.110743549999995,-72.70066160206358,1623,0
7505fbce-0bd4-3e44-89b4-7e300d024fe2,2fd34be1-9720-3dad-b8bd-815e173b92fb,Nikki942 Orn563,F,GENERAL PRACTICE,87 HERRICK ST,BEVERLY,MA,019152773,42.56523335,-70.87472842494441,1,0
7912c6ce-95bb-3417-8446-40690280db57,0fedae9f-701f-3317-9b2f-69aea2202cdc,Willian804 Batz141,M,GENERAL PRACTICE,88 EAST NEWTON STREET,WINTHROP,MA,021522715,42.3750976,-70.982827,172,0
9a765500-7eee-38a7-981c-d498b057ddb0,9043e647-568d-3e87-9fc0-756a416392d3,Alica364 Hartmann983,F,GENERAL PRACTICE,27 CENTENNIAL DR,PEABODY,MA,01960,42.52388415,-70.9519832,26,0
9729efee-2f9e-3321-8911-d84b6ff000c8,c7b63332-fdc7-3ab3-936b-284b931a9f6a,Bertha558 Nolan344,F,GENERAL PRACTICE,55 COOPER STREET,AGAWAM,MA,010012149,42.080218599999995,-72.61816103207964,131,0
62996198-406c-3316-b4f7-b0e161991c6f,0cc04ba5-137a-3ef8-acda-e79b25960b2a,Fallon874 Homenick806,F,GENERAL PRACTICE,25 ADAMS ROAD,WILLIAMSTOWN,MA,012672928,42.7009605,-73.18515951851253,8,0
bf497a62-8083-35a6-acde-7a76083053aa,3e16ee4b-2dc7-3e29-ab5b-0ce980c362b1,Reyes140 Sauer652,M,GENERAL PRACTICE,1200 SUFFIELD ST,AGAWAM,MA,010012933,42.04892565,-72.63626743195428,1,0
621e201d-f91a-302b-9f7e-65537102c377,ccb716b1-277f-3eff-999f-3ac0df45713a,Mahalia897 Boehm581,F,GENERAL PRACTICE,25 LAFAYETTE ST,MARBLEHEAD,MA,019451939,42.4938348,-70.87382362834484,2,0
689aa010-24e3-33ce-82c2-61c2e205d7df,733fc7d0-7cf3-3995-82ef-a9883b807273,Melissa844 Yundt842,F,GENERAL PRACTICE,175 FRANKLIN STREET,NORTH ADAMS,MA,012472712,42.70707,-73.10094536747326,17,0
dd79fad1-7de4-3213-b610-f8bdbc078f96,9ab139f5-d278-31b4-b44e-feffdea65613,Shayla126 White193,F,GENERAL PRACTICE,88 ROUTE 6A 101,SANDWICH,MA,025631866,41.764922,-70.502215,51,0
232924ff-eb19-3f23-9112-c5cd9244a33e,21fa25b9-6842-3a3c-bef2-2eb383ad525e,Patrick786 Langosh790,M,GENERAL PRACTICE,180 LOW ST,NEWBURYPORT,MA,019503519,42.815683050000004,-70.89666045994463,1,0
b7db4f52-41ac-3a56-8271-2a35b85989a3,4b7c1695-a178-3e03-8651-51acfd3b8372,Juan88 O'Keefe54,M,GENERAL PRACTICE,600 OLD SOMERSET AVE,NORTH DIGHTON,MA,027641824,41.86399,-71.1244904,56,0
4c1ecb7a-626b-392e-bdd0-9c91a1d607f9,0b5f4cda-f9ae-36a8-a94c-ffbf56f45236,Tomás404 Alcala54,M,GENERAL PRACTICE,210 MARKET ST,NORTH ANDOVER,MA,018451656,42.6839894,-71.1127065,1,0
7676ca7d-129c-3146-9732-4a9f6d24a5d8,aade280a-3b90-3e48-9648-91109a964a63,Josef103 Klein929,M,GENERAL PRACTICE,909 SUMNER ST,DARTMOUTH,MA,027473826,41.6332267,-70.9879928,225,0
7921b842-1554-305f-84c6-cce475f0653f,df3ffcde-b9eb-3965-acdf-f56a6d1424c4,Magali989 Brakus656,F,GENERAL PRACTICE,1 ARSENAL MARKET PL,WAYLAND,MA,017781840,42.3632063,-71.3606721,1,0
dabe0db4-7b71-38d6-9944-b15982f1be13,981338c4-287c-3621-bc45-8b0b9f1b8922,Denis399 Kohler843,M,GENERAL PRACTICE,640 BOLTON ST,MARLBOROUGH,MA,017523999,42.3658183,-71.55914630258509,155,0
80ac7cf7-4a30-374d-8728-59abba7f318f,e59fb2d5-508c-38c6-af2e-21d8216dd2b0,Logan497 Fisher429,M,GENERAL PRACTICE,759 CHESTNUT ST,WARE,MA,010821625,42.256476,-72.237482,52,0
769fc452-cd35-37d1-97dd-ded6e74eae9e,7a3b8310-02eb-3c47-aa1b-3f55b3ed9de9,Leif534 Dare640,M,GENERAL PRACTICE,6 HATFIELD ST,NORTHAMPTON,MA,010602545,42.333172950000005,-72.6566355591273,86,0
07860903-3d63-3759-8838-a88a7cc6120c,84de2bcf-1b1a-3ce2-9f6d-9e0cb34991f6,Margery365 Rippin620,F,GENERAL PRACTICE,45 DAN RD,WELLESLEY,MA,024813503,42.2964859,-71.2925571,43,0
73ab68c7-59b3-3d30-b9e4-7878b11ab871,ecadbc11-930c-3903-b706-f8ef4bc9089e,Earlene410 Baumbach677,F,GENERAL PRACTICE,780 CHESTNUT ST,SPRINGFIELD,MA,011031109,42.1211633,-72.60614164702717,76,0
107e6cb1-599d-3386-b2b5-ffb73f85c26a,0f9d1260-db33-3483-b2b6-5483cfcb739c,Felipe97 Lebsack687,M,GENERAL PRACTICE,361 WOODWARD ST,WABAN,MA,024682027,42.326011949999994,-71.2254251580706,47,0
ddeae496-3ab1-3464-8335-b9273b3cf881,ad007cc5-a3df-3aa7-886d-5123ab59d189,Antoine384 Maggio310,M,GENERAL PRACTICE,85 N WASHINGTON ST,NORTH ATTLEBORO,MA,027601634,41.98443775,-71.33190349847027,2,0
e6929018-f1a6-3a47-959a-1d402a813dee,f480acd0-7ef1-350d-aae6-d8e7d53ace57,Gil594 Ondricka197,M,GENERAL PRACTICE,1193 SEA ST,QUINCY,MA,021693544,42.26883395,-70.95264075087945,162,0
8980a54d-c427-3abb-a999-38c1bfc93fed,794b1cc2-97be-30a4-83a0-4bf6add43c74,Lillia547 Gutmann970,F,GENERAL PRACTICE,215 THATCHER STREET,BROCKTON,MA,023023949,42.0740963,-70.99660306096918,10,0
d33f530b-1450-3f5e-84cb-49b02b7396ba,440fa4b8-c731-3cf5-81d9-aa3f30a37b95,Bennie663 Abbott774,M,GENERAL PRACTICE,41 & 45 MALL ROAD,PEABODY,MA,019602901,42.5278731,-70.9286609,1299,0
13f81957-6fcd-38f2-be90-87de34eed9ef,a1434ca1-a1ac-3884-abc7-fc4c35cc8b68,Connie24 Dietrich576,F,GENERAL PRACTICE,390 ORLEANS ROAD,NORTH CHATHAM,MA,026501154,41.700306363636365,-69.96549390909091,19,0
da40de8c-7503-3369-a8fb-4e077d0ec873,0fab3c4e-a028-39a6-b15a-be5a88b6aa2a,Cletus494 Paucek755,M,GENERAL PRACTICE,222 STATE STREET,LUDLOW,MA,010563437,42.15547415,-72.47222226666076,833,0
d4b24827-3b77-3a99-9f5b-4cf3dccd46a4,b0016371-afcb-37a6-8f90-5e3786e7806f,Shella455 Toy286,F,GENERAL PRACTICE,629 SALISBURY ST,WORCESTER,MA,016091120,42.2932691,-71.8390048,1,0
1e18fad6-6b36-388c-a2ef-4dc2a9b28d2a,3b021cb6-4745-3d9d-8436-230055f770bd,Dusty207 Franecki195,M,GENERAL PRACTICE,148 CHESTNUT ST,NEEDHAM,MA,024943238,42.27728075,-71.23665362814043,252,0
0d3b06a3-76e1-3d9d-8c41-d28cb40d0255,7b95b4ab-5bb6-3abc-b0e5-02689f84228d,Philip822 Beatty507,M,GENERAL PRACTICE,20 POND MEADOW DR,READING,MA,018673261,42.516645499999996,-71.09917578750729,49,0
5f474fef-ba50-334d-b78e-0db819ea87b5,86880e58-8753-3c63-b057-33781df70528,Glenn0 Keeling57,F,GENERAL PRACTICE,49 SAMOSET AVE,HULL,MA,020452512,42.2810432,-70.8703157542509,18,0
33403c40-365b-3894-8b65-06966e3ab824,52261c45-f32b-3666-9da7-890705373c9d,Ramon749 Johnston597,M,GENERAL PRACTICE,30 PERWAL ST,WESTWOOD,MA,020901928,42.21397175,-71.1786332019174,1,0
fdc4d4dd-e41d-34ea-a76c-c78e43d2cdf4,aaa7ebaf-b1a0-38c1-ba89-a16712cf431c,Violette536 Halvorson124,F,GENERAL PRACTICE,16 PLEASANT STREET,BRIDGEWATER,MA,023242420,41.98625885,-70.97978204646246,16,0
2261fc54-098f-3801-9332-39795deaccbd,6b209cfb-56fd-31b8-895e-c936839bfa1d,Tomás404 Quesada500,M,GENERAL PRACTICE,37 BIRCH ST,MILFORD,MA,017575501,42.1424349,-71.48943173357203,6,0
8a00c097-2cfc-33e4-bb63-2d9747a3ce90,ce53c877-0290-390a-b4b4-2462001a1713,Greg949 Hilll811,M,GENERAL PRACTICE,847 ROGERS STREET  SUITE 201,LOWELL,MA,018524345,42.6275246,-71.27673639687623,21,0
c8bd40b8-43d4-3ca3-89a3-ea0ca6ee2696,36705572-6b8a-337d-9d01-be1087ce4650,Valentine262 Corwin846,M,GENERAL PRACTICE,233 WINTHROP ST,TAUNTON,MA,027804428,41.89112605,-71.11254102062864,33,0
ea08d611-76f1-3641-908a-186e6430c4e0,34f0b10a-5e29-31de-a75e-e0bb03c0c0d4,Dierdre747 Leuschke194,F,GENERAL PRACTICE,56 COLPITTS RD,WESTON,MA,024931568,42.36610065,-71.3036759,149,0
87731138-d788-39c1-86d9-924d8d7306bf,e9a24be5-b0a3-3fd2-a606-dd13498024ea,Estella474 O'Hara248,F,GENERAL PRACTICE,85 E MAIN ST STE A,NORTON,MA,027662307,41.971697,-71.17689334021827,162,0
ad66ec7f-0a0b-3c07-a03a-a23eb069ea5d,57e4e5fa-d68d-3caa-a5ad-37beb1b51207,Abdul218 White193,M,GENERAL PRACTICE,800 WASHINGTON ST,NORWOOD,MA,020623487,42.1886973,-71.2005241,152,0
ca6ce9c0-d470-34f1-a5e5-dbff3f89fd4f,2c1eda9d-6d75-3c4e-86f1-d850d4ccfcdf,Hisako109 Moore224,F,GENERAL PRACTICE,238 W MAIN ST,NORTHBOROUGH,MA,015321804,42.31181264999999,-71.65685612428547,2,0
7897a381-de17-357a-8728-9692062a255a,2befa435-3070-3350-a15c-e43ac1e84b24,Dee580 Schuster709,M,GENERAL PRACTICE,575 BEECH STREET,HOLYOKE,MA,010406604,42.20105435,-72.628169560868,30,0
dee85247-c3c7-3944-b804-3d08118b7d44,c92cc255-6778-3307-8092-987d667be4ce,Merle11 Bogisich202,M,GENERAL PRACTICE,89 FOSTER ST,PEABODY,MA,019608925,42.5278731,-70.9286609,119,0
31528a82-1594-3b12-8814-0331ad015559,ad82d624-72eb-3c7d-a76d-79f2668d1390,Mathew182 Howe413,M,GENERAL PRACTICE,3 WOODLAND RD,STONEHAM,MA,021801711,42.452443099999996,-71.08939988105112,165,0
e3ac4c87-f9eb-3e87-8f22-13da7950c862,70a26106-6797-39f8-83e6-6bcf212b99ad,Zackary401 Mohr916,M,GENERAL PRACTICE,340 MAIN ST,WORCESTER,MA,016081601,42.53616075,-71.74831883675786,75,0
71889c6f-8a63-394d-9a4b-c8bbcb44ac99,b8421363-9807-3b16-a146-95336eea5cfb,Cleveland582 Kuphal363,M,GENERAL PRACTICE,30 LOCUST ST,NORTHAMPTON,MA,010602052,42.33032115,-72.65330802608176,524,0
5d924882-4fa9-38d1-86e5-f2a27b0e65f8,2d578863-d945-3e48-91c8-3912d31e5078,Quentin28 Kertzmann286,M,GENERAL PRACTICE,65 FREMONT ST,MARLBOROUGH,MA,017521271,42.352030400000004,-71.55517867455714,39,0
57774a6d-cbb8-39a4-88e2-b1af65ca2e0f,8424b5ec-ba0a-32e9-94ae-a9d397884093,Ileen763 Casper496,F,GENERAL PRACTICE,49 BLANCHARD STREET  SUITE 101,LAWRENCE,MA,018431456,42.69651155,-71.1612176954981,12,0
e657b9b0-1f6c-35f4-94e1-57ed152e2fd5,3498e7d3-90fd-366b-bc6a-6f41dad6bae6,Olympia319 Bradtke547,F,GENERAL PRACTICE,112 WEST MAIN STREET,NORTHBOROUGH,MA,015321824,42.318559050000005,-71.65097281611972,22,0
8b0ac4b8-6628-3044-9d59-d9822dd8e89a,37111f41-8bc5-35d3-9cd9-5b447a11ffd1,Ilene33 Greenholt190,F,GENERAL PRACTICE,TEN INGALLS COURT,METHUEN,MA,018443712,42.7262016,-71.1908924,4,0
780c716d-fa1c-3d36-96bb-bb90e74f0dd3,24460683-f514-37ef-98c1-724b2fc9aa2a,Simonne139 Wilderman619,F,GENERAL PRACTICE,60 HODGES AVE,TAUNTON,MA,027803034,41.91158935,-71.10129620180315,144,0
a64fca15-c10f-335a-b032-1ed2ee17667d,945104f1-4b95-3eed-bd02-5efa0afbf34d,Lauri399 Keebler762,F,GENERAL PRACTICE,20 CENTRAL AVE # 506,LYNN,MA,019011201,42.46410018181818,-70.9465129090909,2,0
4d7a44b3-24c7-3cb7-afdf-3bb04cf76223,3076e02a-deac-3e81-96a9-1d32cbda6fca,Cecil300 Kilback373,M,GENERAL PRACTICE,59 EASTWOOD CIRCLE,GARDNER,MA,014403901,42.567006649999996,-71.97817904424542,16,0
21282560-51c1-36e6-9194-23233e3f9b33,1563fcb4-76a9-3ea4-863d-e276f38b9b3e,Elma843 McCullough561,F,GENERAL PRACTICE,700 ESSEX STREET,LAWRENCE,MA,018414396,42.7020708,-71.17231,14,0
e8703360-62ee-3c3c-8f09-dc6b9ca180fe,136e0049-9edf-355f-9d7c-aabc5c74761d,Marry53 Schiller186,F,GENERAL PRACTICE,255 LEBANON AVE,PITTSFIELD,MA,012017828,42.4320582,-73.3065210384207,3,0
cc05c15c-462f-3ccc-8baf-8b24dbe02f38,65f0254a-73a3-3b06-bced-54d511445535,Maira380 Carter549,F,GENERAL PRACTICE,720 BOSTON POST ROAD,MARLBOROUGH,MA,017523766,42.355106,-71.47654,3,0
1668ae98-cf96-3ab7-8482-5f1db985707c,901c2d40-1ca3-3879-9a20-c663b8adc0a9,Emory494 Schuster709,M,GENERAL PRACTICE,800 WASHINGTON STREET,STONEHAM,MA,021802445,42.4863168,-71.0928919,626,0
04d1a2ab-3503-3626-9259-1cb7accc062d,6170552c-4d27-3e64-8068-64a380f1837d,Leo278 Pacocha935,M,GENERAL PRACTICE,76 SUMMER ST,HAVERHILL,MA,018305814,42.7786873,-71.07306505177553,295,0
c028ed3f-8340-3e83-a926-000ea81371f5,e6cc6043-299a-3581-8f6b-b3b5d62c46ae,Ellen406 Farrell962,F,GENERAL PRACTICE,532 SUMNER AVE,SPRINGFIELD,MA,011082458,42.08631583333334,-72.55792579166666,78,0
08e38fbb-542b-33fd-8019-42367244616e,b9e35b8a-9831-32d8-a6dc-d7a546c126b0,Domenic627 Blick895,M,GENERAL PRACTICE,111 HUNTOON MEMORIAL HIGHWAY  1ST FLOOR,SPRINGFIELD,MA,011092550,42.1018764,-72.5886727,1634,0
57478055-ef48-37a8-940a-2db193d98625,06988693-a9d8-392b-a2ce-a07de8a931ad,Krystyna791 Reinger292,F,GENERAL PRACTICE,136 BOSTON POST RD,SUDBURY,MA,017762406,42.3638568,-71.39664274207772,2,0
bc524f95-d47b-3b3d-9de9-a754d00a43cf,70d5bbef-3c05-3318-b9d7-003dc8fbb8cf,Shenika151 Little434,F,GENERAL PRACTICE,33 SUMMER ST,TAUNTON,MA,027803479,41.9005416,-71.08895606814966,1,0
b098a20b-3ffc-333a-b1de-6d6cbb628338,22249c0a-8ce9-3726-a3bb-b037c773ce5c,Leah288 Sauer652,F,GENERAL PRACTICE,337 NEPONSET AVENUE,DORCHESTER,MA,021223103,42.2875144,-71.0470691675753,32,0
f2c9eb8d-e931-324c-9c3c-45d98862b784,7a75decf-7d3f-3b0d-8c2b-3abf0a8c7f58,Ramona980 Jaramillo133,F,GENERAL PRACTICE,169 LIBERTY ST,MIDDLETON,MA,019491003,42.615226050000004,-71.0144865346162,82,0
09ddf9ee-dc7b-3005-8fb7-9519ca6444f7,18df2721-3f76-3f83-94d5-63597cedd298,Kylee806 Romaguera67,F,GENERAL PRACTICE,909 SUMNER ST,STOUGHTON,MA,020723396,42.1005097,-71.0830269025407,1461,0
c0ba2f4a-fb4d-38cc-aaba-ec8a158be9c9,46a09a29-4bda-3572-89dd-5def154669ed,Julian715 Kiehn525,M,GENERAL PRACTICE,4901 N MAIN ST,FALL RIVER,MA,027202080,41.758923100000004,-71.11356439219409,1,0
7b6ba1a5-4e8c-310d-9032-34f6c13cdceb,38508743-50d1-3429-8fe2-37e42ddaf20e,Blanca837 Verdugo724,F,GENERAL PRACTICE,164 HIGH ST,GREENFIELD,MA,013012778,42.595268700000005,-72.59288632376354,1453,0
c3dfcbfd-20fe-3462-90e3-734ad04a9314,2f735290-1603-31b5-b561-7c8e0d413170,Alicia629 Vargas494,F,GENERAL PRACTICE,100 FOXBOROUGH BLVD STE 230,FOXBOROUGH,MA,020352878,42.041851949999995,-71.23486657070565,146,0
1322c252-99bb-32b0-8903-421c0dea71b6,27bf2e46-7445-35e7-9106-3ce1b074db47,Kathryn101 Donnelly343,F,GENERAL PRACTICE,80 BOSTON RD,NORTH BILLERICA,MA,018621034,42.5871093,-71.2948553,1,0
da199dab-5b44-3968-a2d2-480d00f20164,e1818b21-4458-3b9c-b2b8-7ed6f57ae078,Sid118 Wilderman619,M,GENERAL PRACTICE,2399 BOSTON ROAD,WILBRAHAM,MA,010951185,42.14668485,-72.45048427046072,47,0
1d6f67fd-95f9-3d7e-a59a-cbc9798cbcdc,970993ce-f590-3150-9733-0e02c569b87f,Rodger755 Wilderman619,M,GENERAL PRACTICE,150 YORK ST,STOUGHTON,MA,020721829,42.144646800000004,-71.09875876961266,3,0
30915f8c-d7e6-33d7-96d6-0373606370e9,328f813e-4de8-3ec2-a113-43f3ddfb0b2a,Victoria535 Roob72,F,GENERAL PRACTICE,30-40 WESTPARK STREET,BROCKTON,MA,023015241,42.0834335,-71.0183787,134,0
bbf7d29f-e523-38f5-9c1d-de68e4cb630d,8d110f42-6f75-3751-b0c5-b45ab08333a1,Shonna561 Feest103,F,GENERAL PRACTICE,88 WASHINGTON ST,TAUNTON,MA,027802465,41.9062805,-71.09518121351795,241,0
94c4c535-6aaa-3de9-86ce-28d7c1ca0c86,200746fc-5d0f-3ec7-a2a9-3d9a219ee139,Arlen68 Rippin620,M,GENERAL PRACTICE,800 CUMMINGS PARK  SUITE 3100,WOBURN,MA,018016355,42.4977745,-71.1237712,69,0
b30d5029-d79f-354d-a202-0f75694fd76e,d6600c68-8a26-3a88-86e2-99517365c10a,Jerald662 Wolf938,M,GENERAL PRACTICE,175 Elm Street,New Bedford,MA,02740,41.635937,-70.92991,22,0
83fe7c80-05e6-3e14-bd61-caa1b1a39dea,954e01a8-3b27-314e-9c77-254f1ac9c917,Graciela518 Lehner980,F,GENERAL PRACTICE,116 Long Pond Road,Plymouth,MA,02360,41.924313,-70.656654,39,0
6f252ff6-a228-3da3-8a27-ea09bcf3f344,1d87bbfa-19aa-3128-adca-420ff8d5a12a,Junior695 Pacocha935,M,GENERAL PRACTICE,771 CHURCH ST,NORTH ADAMS,MA,012474109,42.680927100000005,-73.09950699822534,30,0
f7c1e828-8c2d-3e65-9ddb-fcb326fc5da5,f2068cee-c75c-321d-9b2c-c33535db89c9,Octavio643 Prosacco716,M,GENERAL PRACTICE,32 BOSSI AVE,RANDOLPH,MA,023682002,42.20017865,-71.0582074,62,0
9d5ea654-39be-3c63-89eb-e0730654f702,66505876-04a4-3f6e-9aa8-7232ee43ab76,Mohammad578 Rodriguez71,M,GENERAL PRACTICE,548 ELM STREET,NORTHAMPTON,MA,010602832,42.327755,-72.657308,2,0
dbd409b0-e4f6-31d6-af7f-4284ce78b262,15d4c950-4691-3996-b4c4-bf06bfb58ff7,Alvin56 Crona259,M,GENERAL PRACTICE,70 EAST ST,METHUEN,MA,018445883,42.7285558,-71.16833738237946,70,0
68d98e1a-87f7-39ca-b223-881cfd49ba17,655f2a4f-419c-39d3-8ed6-6c4117eb7e32,Aurore252 Herzog843,F,GENERAL PRACTICE,21 MAIN ST,NORTH READING,MA,018641326,42.566971949999996,-71.10799861135133,48,0
7448e51d-0a29-3d7b-a09f-87e7c4c33a0e,118e081c-c2f2-35cd-b9c3-ef534f1b7830,Brooks264 Ziemann98,M,GENERAL PRACTICE,1364 MAIN ST,READING,MA,018671137,42.55581805,-71.10585713492983,1,0
3317add5-8e14-303e-9cbe-272f3ad26888,5018c664-e283-30eb-932a-529d9a19b3b5,Rochell365 Stehr398,F,GENERAL PRACTICE,300 SOUTH ST,WOBURN,MA,018014979,42.473347,-71.144086,272,0
db98bc9e-968d-30f9-b8cb-6fa3e3584166,2e8b42f8-4300-30a9-a576-d513d1021a0a,Chris95 Haag279,M,GENERAL PRACTICE,600 CLARK RD,TEWKSBURY,MA,018761699,42.63120935,-71.27023603178071,214,0
5436f6c9-9476-3a09-8edf-81b221fbb2c9,847ba43f-362d-3325-a095-93eb95d9dd90,Anton902 Bayer639,M,GENERAL PRACTICE,60 E SILVER ST,WESTFIELD,MA,010854434,42.1147598,-72.73956114707532,3,0
641b449e-97c0-3bee-b827-97b0cacb6204,d140ed3f-2696-3e78-bd77-1c959ec4fc4d,Orpha286 Marks830,F,GENERAL PRACTICE,863 HATHAWAY ROAD,NEW BEDFORD,MA,027401916,41.6512968,-70.9669902070805,38,0
9f204311-3805-39c3-b092-3f48be8f0c03,1cff30ba-b91f-3ea2-b80b-770d67856358,Duncan491 Halvorson124,M,GENERAL PRACTICE,359 JONES RD,FALMOUTH,MA,025403341,41.5591273,-70.60352436630029,31,0
12637744-3fb4-3026-a7c5-823c02058c98,d4e48a16-0a60-3e90-81e5-c35b22ffe6af,Bertram873 Kutch271,M,GENERAL PRACTICE,856 STATE RD,NORTH ADAMS,MA,012473027,42.69967208677275,-73.16330754755236,18,0
33bcea92-0915-3597-9aef-b664d2ff7d71,a609d72c-6c90-3703-8500-02b8c9c0f6dc,Lenard338 Dickens475,M,GENERAL PRACTICE,1000 NORTH ST,PITTSFIELD,MA,012011520,42.4680348,-73.24334506233173,1,0
a41404bf-bc85-323c-84ef-db5434c898c8,4ff8b164-4cf5-3ab4-b0f2-7ce8fda920e5,Theo630 Mante251,M,GENERAL PRACTICE,800 WASHINGTON ST,WORCESTER,MA,016550002,42.180483,-71.867782,297,0
36ec8477-75e1-3e5d-96c1-6d1eb26322c6,6f95a7a4-3343-3d14-b8b5-35d1e3247551,Denis399 Bailey598,M,GENERAL PRACTICE,254 BILLERICA RD,CHELMSFORD,MA,018244114,42.5969934,-71.3233653623669,2,0
897a652e-d44b-3b83-a358-b3265b62b372,39c15c0f-5c49-311e-99d2-1fb99d80e06e,Salvador46 Homenick806,M,GENERAL PRACTICE,398 NEPONSET AVE,DORCHESTER,MA,021223134,42.286764399999996,-71.04402811508834,237,0
72ed66b7-54be-3d42-abe4-037aa474da3d,c3e56d13-ebb5-3d4d-908f-3f2a6a4de7aa,Alonzo487 Reynolds644,M,GENERAL PRACTICE,233 MIDDLE ST,BRAINTREE,MA,021844840,42.2180597,-70.9924896,1,0
3aa7d73d-aa68-3633-a55c-adf4ce857acb,bccd7d67-203c-3d93-b6b0-bff5a146cd1d,Courtney281 Kihn564,M,GENERAL PRACTICE,286 WASHINGTON ST,STOUGHTON,MA,020721763,42.1384306,-71.1022598,195,0
92cac24e-7ea5-34e7-80df-f67494031008,63cb4d95-04a9-3a35-b5d9-f89e0377a48d,Thanh759 Weber641,M,GENERAL PRACTICE,211 PARK ST,ATTLEBORO,MA,027033143,41.9419187,-71.2752081695297,792,0
92d634db-356b-331d-bbf4-16af00c0ee44,45e64170-207e-3786-b970-76fca7a5691b,Myron933 Hilpert278,M,GENERAL PRACTICE,50 INDIAN NECK RD,WAREHAM,MA,025712174,41.7539753,-70.69890130810117,2,0
fdaae3d8-308d-354c-b92b-2ccbf079c662,6e290541-eba3-37fc-a3e2-e58f77e84c7e,Christeen33 Toy286,F,GENERAL PRACTICE,15 LENOX ST.,SPRINGFIELD,MA,011083122,42.085779,-72.55846414285715,184,0
eec0b6df-1b88-365c-ba80-3fb4875fef58,263d1b03-1560-3fc3-b93d-c33a0cbd5837,Clemente531 Treutel973,M,GENERAL PRACTICE,10 RIVERSIDE DRIVE  STE 201,LAKEVILLE,MA,023471689,41.8771119,-70.92344635,13,0
cf201dae-a439-37f2-b4d4-f1a9b3bb0492,32741060-a632-36de-907b-3c21caacf07a,Eliana466 Wehner319,F,GENERAL PRACTICE,455 BRAYTON AVE,SOMERSET,MA,027262642,41.7294555,-71.16190171707717,2,0
c8076859-b606-3220-abe5-b5944164cbb7,4e880cb9-1ca0-3582-b8cf-8a59b0d2b878,Mao115 Bednar518,F,GENERAL PRACTICE,51 S CHURCH ST,PITTSFIELD,MA,012016178,42.44648205,-73.25863241543368,98,0
60552887-852f-333b-b641-b2f624adacd9,a2a41caf-758f-3962-8e5f-e6e603f93d17,Rhett759 Padberg411,M,GENERAL PRACTICE,111 HUNTOON MEMORIAL HWY,ROCHDALE,MA,015421305,42.2020225,-71.89891616754682,1638,0
c3b3e345-e9c0-3d98-802a-6555f8754db8,0d24cc89-3256-330c-b36d-d8de8babef84,Will178 Bernhard322,M,GENERAL PRACTICE,1030 FALMOUTH RD,SOUTH YARMOUTH,MA,026641218,41.6667779,-70.1847414,143,0
f5b23101-1f00-3d4b-852b-6882f5dc9003,ce5a2589-44ba-3e2f-ac0d-76c482da6091,Kevin729 Moore224,M,GENERAL PRACTICE,178 LOWELL STREET,LEXINGTON,MA,024202719,42.438544300000004,-71.19310317632329,1,0
efec66c9-e79a-3744-bca4-d295627c06da,db28cc9a-fdfb-35a6-aef7-ab9b933ef244,Judy192 Gleason633,F,GENERAL PRACTICE,8 DANA STREET,CAMBRIDGE,MA,021385402,42.3694992,-71.11011030010101,23,0
08fecc6a-9b32-32b4-90cf-d78527dca917,19a65317-5d32-355e-8f82-88933d48366d,Carl856 King743,F,GENERAL PRACTICE,5 PRECINCT ST,LAKEVILLE,MA,023471468,41.8455651,-70.95195924208448,48,0
b7066f7b-0052-35bc-bec2-af5d3e127c48,844a8cb2-4164-35b2-88b8-dffa2889a738,Miguel815 Villalpando154,M,GENERAL PRACTICE,150 UNIVERSITY DRIVE,AMHERST,MA,010022232,42.368937,-72.53247107203978,1,0
39bcf21f-3602-3c38-96e5-3850c8a567b2,ee6705d5-db4a-3120-bbe1-1e72972a841f,Regena252 Huel628,F,GENERAL PRACTICE,101 JACKSON ST,LOWELL,MA,018522103,42.64221447368421,-71.31029421052632,124,0
c362f1ba-3cd3-3218-bf6a-6f621ca35aae,bfb9ab7d-7b8a-36c9-ac27-d210a6f6f412,Neal874 Bechtelar572,M,GENERAL PRACTICE,8 LEWIS POINT ROAD,BUZZARDS BAY,MA,025325613,41.745383,-70.618087,2,0
8054e138-141b-3dbc-9d7e-61490d00151c,a6fb79e7-4abb-3a68-b62d-e501427fdca4,Ricky354 Renner328,M,GENERAL PRACTICE,489 WASHINGTON ST STE 202,AUBURN,MA,015015709,42.187836,-71.83104,340,0
1c29dbb2-45c3-364a-85b0-1b981701c8d7,756ed90d-15f4-377d-b99f-ca1de5633481,Denver542 Runte676,M,GENERAL PRACTICE,115 HOLLISTON ST,MEDWAY,MA,020531954,42.158983899999996,-71.41067830029175,1,0
c83c3e05-d164-379e-b477-c3bb3d093be6,9d0e702d-50a0-3f4c-9126-0951d560fd4b,Hellen346 Roberts511,F,GENERAL PRACTICE,189 MAY ST,WORCESTER,MA,016024339,42.25986305,-71.83597786023279,293,0
cb2ec7bd-34ab-3043-8940-205bc960dc43,81b1ef2b-8d3c-3923-859d-ae56099e037a,Lesley194 Bradtke547,M,GENERAL PRACTICE,19 VARNUM STREET,LOWELL,MA,018502132,42.6520846,-71.29979019978185,1,0
022fb34c-5d82-397d-a546-7b709fdda6b2,ea8d287f-b3a9-3800-8798-788e334ee406,Palmer257 Kuphal363,M,GENERAL PRACTICE,81 HIGHLAND AVE,SWAMPSCOTT,MA,019072928,42.4699241,-70.9171507,232,0
71efefd6-5a35-305c-8b2c-3567207cc121,c7542447-e06e-32cb-b6db-243c23a0dbc2,Chantell995 Krajcik437,F,GENERAL PRACTICE,30 WARREN ST,BOSTON,MA,021353602,42.3501483,-71.14393324457691,233,0
70334656-9596-3a7c-8bc8-174a1645750d,d9fe2c9c-135e-3da3-8de8-1a0ff165d886,Eldridge510 Marquardt819,M,GENERAL PRACTICE,1430 MAIN ST,WORCESTER,MA,016091121,42.2492003,-71.92931780325071,199,0
a9ad4204-c8c8-3453-914d-4229578f483c,50c47685-8125-3c50-8311-8bd7ba9e9108,Beth967 McKenzie376,F,GENERAL PRACTICE,4199 WASHINGTON ST,ROSLINDALE,MA,021311733,42.2871447,-71.1277526,101,0
b345a5c0-f2bb-31a8-b35d-8a3db24626d7,8bf5325a-c11b-35c4-b07d-17a5aeba8353,José3 Escamilla823,M,GENERAL PRACTICE,815 WORCESTER STREET,SPRINGFIELD,MA,011511001,42.1018764,-72.5886727,13,0
d6775f2f-ad3c-33a3-a68f-b57fd303f5b6,6dafa732-cdaa-37ab-a33c-b14878e841d7,José María211 Camacho176,M,GENERAL PRACTICE,400 BROOKSBY VILLAGE DRIVE,PEABODY,MA,019601488,42.55186794282506,-70.97276672693852,33,0
9e18b929-47d8-3000-93b4-1993bbd02662,43e22208-dae0-3196-b30b-17b3c50679c2,Diego848 O'Kon634,M,GENERAL PRACTICE,147 PELHAM ST,METHUEN,MA,018442060,42.7288158,-71.20222773774655,20,0
c8459fef-b411-3eec-b97e-31971a65bcba,46375470-1e20-3ddc-8dc5-010ba53826b6,Jude172 Reynolds644,M,GENERAL PRACTICE,40 WRIGHT ST,PALMER,MA,010691138,42.16934095,-72.34120457065711,166,0
1e7fcab0-0130-36dd-9adf-4308e894c905,9d2a1656-0f4d-30d1-bc63-eb365a05529c,Lorene243 Ward668,F,GENERAL PRACTICE,235 N PEARL ST,BROCKTON,MA,023011794,42.09805395,-71.0609587194362,15,0
e6701cab-7dc4-3fd2-9bd0-89f1cd55ac96,aba3e6f6-4562-342e-b90f-dd61b117f394,Maryjane289 White193,F,GENERAL PRACTICE,438 CHESTNUT STREET,SPRINGFIELD,MA,011072008,42.11291091861002,-72.59692685125127,12,0
844b7194-f2bb-36dc-9ecc-11a3e9d8526c,a4b91172-69e7-3895-bd89-b9a0868de5c2,Salvador46 Wolff180,M,GENERAL PRACTICE,651 ORCHARD ST,NEW BEDFORD,MA,027441052,41.6149879,-70.93113851963673,53,0
7ee52beb-332f-3c03-a33b-14bb41fa5c0c,30547c24-6d41-3a9d-8a21-cc3606224d38,Jeffery551 Farrell962,M,GENERAL PRACTICE,1200 BRUSH HILL ROAD,MILTON,MA,021862337,42.23073215,-71.122659913074,1,0
8b27b02a-93db-3de4-acc7-e8f93a528531,72f50aa0-d8c9-34dc-ac58-c428323f3bcd,Danuta945 Little434,F,GENERAL PRACTICE,55 FRUIT ST,BOSTON,MA,021142696,42.36286045,-71.06875296664998,165,0
396ed2a2-3299-3333-bda4-0349cf542052,3fea2678-1991-3390-b5f1-ebe38f28888b,Odell776 Buckridge80,M,GENERAL PRACTICE,135 WEBSTER ST,WEYMOUTH,MA,021901613,42.2212188,-70.9391625,53,0
09f52125-744b-38fe-8589-54dceb309d4a,ca8a919a-05f9-3687-bfb6-42800a70031e,Josue598 Flatley871,M,GENERAL PRACTICE,6111 OAK TREE BLVD STE 301,FRAMINGHAM,MA,017014613,42.3095704,-71.4413097,49,0
8d753c48-9f1c-3c83-abfe-af30d2a01371,b1581267-6289-3035-9c95-ddd030f098c1,Ivette731 Hettinger594,F,GENERAL PRACTICE,26 HARVARD ST,WORCESTER,MA,016092833,42.27170425,-71.801564,1,0
759400b5-845a-3bdd-bc13-546c3f4169d5,eee00932-ca82-36bc-b7e8-e3fff6dbaeaa,Cira533 Hane680,F,GENERAL PRACTICE,450 BROOKLINE AVE,WEYMOUTH,MA,021893141,42.2212188,-70.9391625,2156,0
eca2f5e2-0e7e-32db-981a-fca8582c478b,be509ccb-bfb7-3b87-8945-8426b689ef9d,Man114 Balistreri607,M,GENERAL PRACTICE,2049 DORCHESTER AVENUE,BOSTON,MA,021244742,42.3554334,-71.060511,25,0
7ecc01ed-9a7b-304e-a9b0-b9e06fb1ae26,6f90eaad-abe3-3ce0-b9a6-2031c5674f0d,Claribel706 Wuckert783,F,GENERAL PRACTICE,800 TURNPIKE ST STE 300,NORTH ANDOVER,MA,018456156,42.66074825,-71.10724143845708,64,0
f80682d8-48cd-3ce3-bfa6-29ced8cb797f,c0719377-d40a-3e9c-9f7c-af47c93b3f40,Freeman822 Sawayn19,M,GENERAL PRACTICE,80 SUMMER ST STE 1,BOSTON,MA,021101218,42.35403315,-71.05809515865283,40,0
75bdc856-ceb3-3812-a915-5b5af98e0d5f,fe008000-0642-354b-9986-7396b3574f40,Cyrstal592 Price929,F,GENERAL PRACTICE,44 SOUTH ST,ROCKPORT,MA,019661800,42.653407900000005,-70.60498112267823,1,0
61957f7b-fd7b-3acc-9b8f-4631e4faaea3,52476935-b9e6-3dbc-a44d-47db68ee9977,Katrice671 Daugherty69,F,GENERAL PRACTICE,56 LIBERTY STREET,DANVERS,MA,019233361,42.563351999999995,-70.9210216494721,1,0
43003e70-650e-3fbd-a259-6a4f8ac30cd1,065eba51-cef7-3976-8654-ba8e7df887ce,Lyndon118 Block661,M,GENERAL PRACTICE,1165 NORTH PLEASANT STREET,AMHERST,MA,01002,42.40927615,-72.52971238527101,15,0
c8a7044e-5e1e-3e48-9168-bc99547811de,a06b1a97-d6ce-3ea1-ba4a-2ef85a8114ab,Kyle55 Goyette777,M,GENERAL PRACTICE,400 GROTON ROAD,AYER,MA,014321171,42.57821195,-71.5733060441645,12,0
f4a24358-3850-3a5e-9d4d-032fc32b89a5,73c7eaf8-f8b3-383f-b3e1-4d8ff5ca255d,Mauro926 Bartell116,M,GENERAL PRACTICE,161 FALMOUTH RD,MASHPEE,MA,026492662,41.6314877,-70.46769809885944,5,0
47d808c0-886e-3ad6-9e29-1c47ef6df303,6873525f-1680-3ceb-b536-270d44b46e2e,Raymond398 Nicolas769,M,GENERAL PRACTICE,500 COLUMBIA RD,DORCHESTER,MA,021252322,42.3147979,-71.067633,43,0
ffde5eed-8c8c-3a90-b2ed-5f0df6bdefdf,6c7fe370-02c4-3537-8f5e-373b2168b933,Shon148 Swift555,M,GENERAL PRACTICE,60 HOSPITAL ROAD,LEOMINSTER,MA,014533791,42.54031915,-71.76312990486304,3,0
e6e89433-99f5-3bff-9059-eab4f7ab0d3f,9fbf3c5e-5f22-3b9f-9032-39d6de320874,Rufus33 Langosh790,M,GENERAL PRACTICE,150 FLANDERS RD,WESTBOROUGH,MA,015811017,42.2770724,-71.5679154706427,34,0
342981e1-0082-3052-8629-0d07eea9647c,f8918a95-31e8-3ac4-8d12-29ca6080ebda,Rudolf736 Vandervort697,M,GENERAL PRACTICE,199 REEDSDALE RD,MILTON,MA,021863926,42.251368299999996,-71.0768393856917,870,0
e926b89b-e5d3-3e33-92f7-3bc7fdb1d88d,bce5b907-584b-345d-bbcf-912cf56cb6c3,Katia630 Parisian75,F,GENERAL PRACTICE,11-15 SANDERSDALE ROAD,WORCESTER,MA,016032467,42.0667952,-72.0084995,60,0
ca045a82-5603-3193-9463-bbe0a0517720,9cec3b3c-fe3f-344e-b9c3-e414dafcd19f,Parthenia862 Dickens475,F,GENERAL PRACTICE,120 MAIN ST,MALDEN,MA,021486904,42.41918695,-71.06618960434116,4,0
3ef27879-6fd6-3b65-893a-6aa1f8e71c43,b829fbd7-fd77-3977-a441-91c2691d5653,Federico589 Schumm995,M,GENERAL PRACTICE,380 SUMNER ST,STOUGHTON,MA,020723470,42.1141661,-71.08865040101732,2,0
d7327d10-17bb-372e-9ecf-9fad2682983b,8d5880eb-1dd8-31ea-b7c5-21709f3bb341,Jared66 Satterfield305,M,GENERAL PRACTICE,50 ROWE ST,MELROSE,MA,021763201,42.4592093,-71.06078096379728,93,0
fe85dcd1-d72e-3c19-b8ad-63e2ccd94d0a,0ec04450-c150-322d-b2c3-1449d672a23c,Yolando662 Huels583,F,GENERAL PRACTICE,110 W SQUANTUM ST,NORTH QUINCY,MA,021712122,42.27259075,-71.03082765,60,0
17567110-da8f-34d8-a058-f17676f72ec4,fd650ebc-a642-3818-b073-692473cd31f1,Tobias236 Kris249,M,GENERAL PRACTICE,900 CUMMING CENTER,BEVERLY,MA,019156181,42.5584284,-70.8800491,127,0
603de4d3-08a0-3052-b5b4-61731f9d7dd3,3ff0f58b-7a1f-3334-9449-ff15f68b7d86,Winston220 McCullough561,M,GENERAL PRACTICE,275 SANDWICH ST,PLYMOUTH,MA,023607761,41.94186605,-70.6455366462985,458,0
ae3f6541-0e21-3e4f-afd1-c2cab746e695,70e3ad4f-b9ff-3f3e-9990-2cd7e23a9d1c,Tambra47 Bosco882,F,GENERAL PRACTICE,1238 RIVERDALE ST,WEST SPRINGFIELD,MA,010894675,42.1373438,-72.62624707492338,503,0
df8410e8-b7cc-36ef-9421-3d3f71862252,dbe1e521-57da-3855-9aa0-aabadbd17e32,Dorsey40 Stark857,M,GENERAL PRACTICE,454 WASHINGTON ST,NORWELL,MA,020612050,42.1592792,-70.85480698781902,1,0
6cc80967-11f4-3014-a747-5e5fcdf8fec3,80458ace-5754-39b0-807a-1a5b119cb5bb,Wilbert25 Nolan344,M,GENERAL PRACTICE,11 PONTIAC AVE,WEBSTER,MA,015701629,42.06282535,-71.87016198711046,2,0
6a092779-dd9d-374e-993d-d1578c097a5c,8ddbad9e-b5fc-3895-8a1c-17f32197a865,Germán350 Marrero674,M,GENERAL PRACTICE,1455 MAIN STREET,CHATHAM,MA,026332083,41.6827332,-69.98755685244114,3,0
7008fce7-b8e4-311f-8e2a-5a265d75b29a,9cfdd210-a2ed-34d6-9381-2f5d999011ca,Rafael239 Rentería94,M,GENERAL PRACTICE,21 HIGHLAND AVE,NEWBURYPORT,MA,019503873,42.814341671166744,-70.88998002772408,159,0
7c2ea89e-29e7-3308-ab8e-4c02d712d905,75846b1f-d0ec-3255-9bdd-d09eb0a9dd0d,Paul232 Bartell116,M,GENERAL PRACTICE,575 BEECH ST,HOLYOKE,MA,010402296,42.20105435,-72.628169560868,18,0
4ebff917-123a-36ee-b779-be6188afff4d,7e8bd0f2-2746-355e-92ef-9473818c58a2,Suanne858 Okuneva707,F,GENERAL PRACTICE,90 SUTTON STREET  SUITE 3-4,NORTH ANDOVER,MA,018451655,42.705281049999996,-71.13643624887442,30,0
46a55dc6-f6b4-399f-8b23-473c772172cb,dd280187-8662-3732-af81-595d10572911,Clifton91 Lakin515,M,GENERAL PRACTICE,4499 ACUSHNET AVE,NEW BEDFORD,MA,027454707,41.74026055,-70.9450945705336,872,0
e15c3a2f-9650-36ab-a428-2004a637a5fc,a6964d47-8af0-3df2-b99d-d8414eb1cfa3,Reggie481 Schiller186,M,GENERAL PRACTICE,200 MAY ST,SOUTH ATTLEBORO,MA,027035520,41.924394750000005,-71.36076410900014,546,0
9fd30d7b-8c38-3abe-8285-d92fb9866895,004554b4-3068-3938-832d-fa7cbe1cd1fb,Lacy523 Littel644,M,GENERAL PRACTICE,25 STONEHAVEN DRIVE,WEYMOUTH,MA,021903951,42.1589443,-70.94970431672323,39,0
d20328c3-0919-3db3-b279-1bd0d20b2e3d,dae3ee01-f383-366e-9ad6-dc92963064ea,Kristin64 Will178,F,GENERAL PRACTICE,1233 MAIN ST,HOLYOKE,MA,010405381,42.16578055,-72.63389634691956,168,0
54f1acde-36a7-326b-9450-80fe172c900f,a7b047dd-186a-32de-8187-b0853c05aed6,Melida518 Mayert710,F,GENERAL PRACTICE,180 LOW STREET,NEWBURYPORT,MA,019503519,42.815683050000004,-70.89666045994463,41,0
d93e5fd2-8fb4-3255-90de-144446f7375a,2c708a72-2e25-36a1-8209-d2a708874eff,Kyoko885 Strosin214,F,GENERAL PRACTICE,1324 BELMONT STREET #202,BROCKTON,MA,023014435,42.057156895761736,-71.06994368825448,12,0
794309b7-3b9a-3fc7-b78b-c2f0590dbfbf,b7488009-cd48-3a0d-87c4-6c47d1ceb3c8,Raymundo71 Hayes766,M,GENERAL PRACTICE,95 COMMERCIAL STREET,BRAINTREE,MA,021844301,42.22110375,-70.97097247044559,10,0
54cc503b-36a9-3789-81e5-bd92d3d9feb7,744bdf85-6223-367c-b1ab-e8c8e0a5eb28,Waylon572 Hammes673,M,GENERAL PRACTICE,2 REEDSDALE RD,MILTON,MA,021863800,42.258080449999994,-71.08070895097364,86,0
5ca01a0d-52aa-3e96-be20-ef73b3f65c30,b7b02632-03e1-330a-aa40-fdee22899633,Rob341 Cormier289,M,GENERAL PRACTICE,840 HARRISON AVE,ROXBURY,MA,021203432,42.3279605,-71.0830607,90,0
efb8a0b0-de0b-313c-8edd-bdf3ab8a1e2b,679a8e99-0f35-3eec-94ed-d8341e9fe33c,Maricruz991 Hahn503,F,GENERAL PRACTICE,140 WEBB STREET,WEYMOUTH,MA,021882736,42.22281125,-70.96226691624932,1,0
141b15f8-9228-3a8d-9b6d-f7e11da5e9cc,089bceb2-0ecb-3650-95e9-e7260248b809,Donny470 Reynolds644,M,GENERAL PRACTICE,50 W MAIN ST,HOPKINTON,MA,017481672,42.22029125,-71.53814854921914,54,0
3b014b40-9cc5-3a8e-bd38-c8a1a1704e78,9d283097-e706-3421-8b98-948b1fdadf30,Shaun461 Jast432,M,GENERAL PRACTICE,42 PROSPECT AVE,WEST SPRINGFIELD,MA,010894510,42.157666846720865,-72.63485704670578,1,0
c1eba3c5-83c8-34a6-a7ec-8a1f21296e7b,9d989fcf-4ad9-3972-ada3-f275d967781e,Dominic463 Miller503,M,GENERAL PRACTICE,100 TER HEUN DR,SANDWICH,MA,025632377,41.7579043,-70.4968152,969,0
ee8e9558-f635-3d72-b663-1251f8579ddc,87472bc2-7c23-37cc-8355-7f3e88614b6b,Dean966 Kris249,M,GENERAL PRACTICE,305 MAPLE STREET,EAST LONGMEADOW,MA,010282765,42.059258494749486,-72.53388585052694,19,0
19f24571-4538-3d84-9eb9-2f5636a8fcf9,7a5f7ae1-8437-3f5e-b788-5c2ad57f0a0b,Millicent213 Mertz280,F,GENERAL PRACTICE,29 ORCHARD ST,SOUTHBRIDGE,MA,015504003,42.076356200000006,-72.04167805,70,0
701ee28b-f542-3cd7-be14-70cb763ffa16,b69bccdc-5ad3-3ded-a018-3cd8f369c9d2,Wendell199 Ziemann98,M,GENERAL PRACTICE,120 S MAIN STREET,CENTERVILLE,MA,026323246,41.649898300000004,-70.34309844876677,30,0
11c02a84-334b-3dc9-a4de-990dff97e509,af3871c3-2098-3051-bcb7-8a919e194a16,Stephane228 O'Conner199,F,GENERAL PRACTICE,97 LIBBEY PKWY,WEYMOUTH,MA,021893110,42.19322885,-70.94589987654936,131,0
b2616095-97bd-3806-a610-9f6d86a34c0c,542185c1-943a-30f4-aba0-0efaa92488a4,Luetta803 Rau926,F,GENERAL PRACTICE,142 LAKE ST,ARLINGTON,MA,024764738,42.40328885,-71.15140830652837,210,0
c1eef096-9e00-321b-a2a7-a0cc87c7e094,de32e6d9-848e-35d4-a217-e62eb5e0bc7b,Elise948 Abbott774,F,GENERAL PRACTICE,77 HIGH ST,NEWBURYPORT,MA,019503071,42.8055312,-70.87001791778893,3,0
a3bce1e6-0bc3-39bd-9d6b-61e234f8d485,a2cc09de-c1e2-3126-8c09-d49f95225281,Cristi782 Leannon79,F,GENERAL PRACTICE,300 LONGWOOD AVE,WALTHAM,MA,024532741,42.3756401,-71.2358004,272,0
1fb9641c-429f-38c1-a864-a258511feb8b,9f2f60a6-87a4-3f45-b753-b63b5b7e9993,Maricruz991 Considine820,F,GENERAL PRACTICE,332 HANOVER STREET,BOSTON,MA,021131901,42.3647421,-71.0536619,127,0
d009c7b6-89eb-377c-ba1d-814fc57bc606,c5306a86-09a1-32d9-875a-67ef56e131c0,Earnest658 Gutkowski940,M,GENERAL PRACTICE,242 SUTTON ST,NORTH ANDOVER,MA,018451631,42.70773345,-71.1300651,28,0
73efd820-ab4d-387c-8f0a-642345c668be,ab16be57-62ea-39a5-8f7a-ee1285cf6934,Rogelio17 Gibson10,M,GENERAL PRACTICE,115 MILL ST,PETERSHAM,MA,013669503,42.4865962,-72.1893057,138,0
4f168d32-6eb9-3be6-b3ac-06dba488fed0,f341c366-8313-3790-ab26-d8d27b116ff5,Odell776 Greenholt190,F,GENERAL PRACTICE,80 LINCOLN STREET,WALTHAM,MA,024535465,42.39322121170625,-71.24104146434591,32,0
01d84a3d-c2bd-3565-969c-9daf95d6e2f7,0d7ef8ee-4e45-3b40-9f2b-f558dce71574,Rory188 Kuhlman484,F,GENERAL PRACTICE,200 BOYLSTON ST,CHESTNUT HILL,MA,024672008,42.318869649999996,-71.17524247213663,48,0
07809eed-b513-3651-89f1-ae78f37109ce,f312977e-8f41-3816-84cc-e5b12ba36955,Eldora89 Langosh790,F,GENERAL PRACTICE,1153 CENTRE ST,JAMAICA PLAIN,MA,021303446,42.3017598,-71.12855793387442,276,0
a8424b3e-1079-3b1e-bdd8-48d588674eb4,0519b293-2e92-3eb3-aeef-233da0babc93,Juan88 Friesen796,M,GENERAL PRACTICE,40 PARKHURST ROAD,CHELMSFORD,MA,018241511,42.6198215,-71.36189212971482,17,0
2a7c66d2-d6c8-3c6b-a4c9-84dc0cfe696b,5c896155-eb9a-383e-9162-a43ebb7f1cc5,Nannie905 Mayert710,F,GENERAL PRACTICE,400 LINDEN PONDS WAY,HINGHAM,MA,020433784,42.1972249,-70.91712645007524,41,0
1569dad2-8acc-322b-b1ef-976718404d1b,c5403c4f-14d5-3171-9227-a9b8327f3149,Lonnie913 Ferry570,F,GENERAL PRACTICE,52 OLNEY RD,CHICOPEE,MA,010202103,42.1487691,-72.6071119,53,0
6ed56fdb-f651-3372-bc64-51ad9847ea36,4ffc4e4b-9d8d-3c30-ad84-fc9a7209da94,Troy560 Carter549,M,GENERAL PRACTICE,4525 ACUSHNET AVENUE,NEW BEDFORD,MA,027454727,41.74080975,-70.94731021257817,17,0
ed5956cd-cf4e-3e37-9800-1b4ea4adf2eb,389323ef-b127-3a06-a22d-e24aef033e5d,Eugenio846 Streich926,M,GENERAL PRACTICE,200 PROVIDENCE HWY,DEDHAM,MA,020261881,42.22214545274341,-71.18159060546684,46,0
58b97c2b-c6dd-3f7e-87fc-896bf300aad9,bebc1dac-6c42-3225-b0ba-23278cdf2a62,Cherry401 Hackett68,F,GENERAL PRACTICE,464 MAIN STREET,AGAWAM,MA,010011826,42.07695165,-72.62026217030348,2,0
127c1ce9-bb62-3ae3-a922-077cb275bb38,82248deb-13cc-31b2-8764-0233e159a93a,Hank686 Kemmer137,M,GENERAL PRACTICE,19 DEPOT STREET,ADAMS,MA,012201856,42.623644600000006,-73.11852130252683,132,0
059c354a-c53c-3e20-960c-5d1e7d8fd9af,5a6fa8a5-90e2-3f70-bb3e-3d9dd7ad2f96,Myrle831 D'Amore443,F,GENERAL PRACTICE,44 NEW LOMBARD RD,CHICOPEE,MA,010204857,42.1678446,-72.54203576723424,1,0
1692b8e9-1642-369e-9fc9-474f7260fb2c,ce4d0501-49eb-396a-bc56-545fdfc624b0,Bea654 Daniel959,F,GENERAL PRACTICE,1 HOSPITAL RD,OAK BLUFFS,MA,025571406,41.46063105,-70.57989080295974,141,0
d29c0c05-ac30-322b-b8d6-81a6629ab6c1,70e943de-a18b-3e03-a204-ecca2f01b6d1,Joshua658 Wolf938,M,GENERAL PRACTICE,76 NORTH MAIN STREET,WEST BOYLSTON,MA,015831130,42.393642299999996,-71.79207534741954,4,0
f4510171-bbe0-344e-a71e-3f0d1f0881b7,e69e7cbb-8362-30d1-83f2-3a0c492fe2b1,Isaac321 Kub800,M,GENERAL PRACTICE,110 LONG POND RD,PLYMOUTH,MA,023602642,41.9255829,-70.65514326847389,160,0
215e136d-6d04-3471-930a-44182ddb23e1,1ef8d603-bec1-35f5-a830-2a0b919cf47f,Dudley365 Kutch271,M,GENERAL PRACTICE,1801 TURNPIKE STREET,NORTH ANDOVER,MA,018456322,42.6355548,-71.0761760490546,26,0
0d8acc91-b1f7-3cbb-9895-eeb95b626adb,154cc5db-4906-3411-8aa3-39902c6b3af2,Kylie930 Hilpert278,F,GENERAL PRACTICE,12 VICTORIA LN,STONEHAM,MA,021802221,42.4916624,-71.10288588889674,26,0
6abe6a22-1059-38ac-98d6-b0b0c0e7a044,d13ac855-c068-3b57-8d65-fc3c90f32558,Mertie42 Orn563,F,GENERAL PRACTICE,383 SOUTH ORLEANS ROAD,BREWSTER,MA,026312870,41.738964949999996,-70.00124453922743,2,0
2bc667f4-6072-357d-beb4-b7be41f29e90,9e469108-97a0-350a-b6ba-be2a286b3dcc,Tereasa291 Mueller846,F,GENERAL PRACTICE,150 FLANDERS RD,WESTBOROUGH,MA,015811017,42.2770724,-71.5679154706427,8,0
64542674-1894-3c6e-986f-2a5668709695,afc661fd-71d9-3fc3-adf2-3fc3b5e8a140,Hyman89 Schmeler639,M,GENERAL PRACTICE,680 CENTRE ST,RAYNHAM,MA,02767,41.9487118,-71.0731008,469,0
85ca34be-3c6c-36a4-9908-58d29de95e68,06cc2462-430f-3322-9c87-7e971125f510,Kai187 Mann644,F,GENERAL PRACTICE,133 OLD ROAD TO 9 ACRE COR,WESTFORD,MA,018863198,42.5792583,-71.4378411,272,0
795b2fe4-46c0-3709-bbef-386df98278da,479427f6-9419-3eba-b2c2-b037b4b89493,Britt177 O'Keefe54,M,GENERAL PRACTICE,180 GEORGE WASHINGTON BLVD,HULL,MA,020453069,42.2630377,-70.8606109,210,0
9102f02b-9a68-3f95-8393-b33026805cde,db106514-f254-3402-b6a4-6d210c78c7e2,Kimbra238 Runolfsdottir785,F,GENERAL PRACTICE,211 FRANKLIN STREET,QUINCY,MA,021697833,42.23691085,-71.00237199954586,14,0
5c96bc4a-7d42-3ed6-a00b-0da05dabcb14,ee7fab6f-6438-394f-b1f2-3e452f8f055a,Domonique463 Satterfield305,F,GENERAL PRACTICE,75 BRIMBAL AVENUE,BEVERLY,MA,019156009,42.570099299999995,-70.87108224250409,132,0
3646918f-b506-3e22-9e60-4a0efd6dafce,79508e39-d0b0-3613-9d54-168f6e1c3a18,Raúl937 Piña753,M,GENERAL PRACTICE,200 GROTON ROAD,GROTON,MA,014502056,42.577352149999996,-71.57414587343038,257,0
78d172a9-64ec-3112-8a93-883fe38619c9,907b1d2f-2bf8-31b5-abc2-14d6b75faa96,Lizeth852 Ernser583,F,GENERAL PRACTICE,340 MAPLE ST,MARLBOROUGH,MA,017523200,42.3358161,-71.54106510218209,190,0
4f178857-e556-3f08-a2da-614c08d98403,1ce0d1a3-b507-3ad1-afc5-b25bfe48b8dc,Dovie983 Welch179,F,GENERAL PRACTICE,10 PEARL STREET,STOUGHTON,MA,020722364,42.125716800000006,-71.1025481568314,49,0
19d3af57-672f-3542-8373-b637054fbfee,922d1031-d968-39c2-b73c-d5a495c39068,Todd315 Steuber698,M,GENERAL PRACTICE,350 LINCOLN ST STE 1102,HINGHAM,MA,020432801,42.248735,-70.9209846,86,0
946d2e59-2548-310f-a2e4-152ccaa0363d,880fad59-9c38-3a21-a39f-ccc801502ab3,Halina47 Pollich983,F,GENERAL PRACTICE,799 CONCORD AVENUE,CAMBRIDGE,MA,021381048,42.390849395521705,-71.1556550001627,21,0
55255c40-9759-3f36-83e8-d41871938b83,352f2e3b-0708-3eb4-9f7e-e73a685bf379,Araceli695 Willms744,F,GENERAL PRACTICE,157 UNION ST,SOUTHBOROUGH,MA,017721215,42.3056501,-71.5245087,531,0
4f21eb91-0047-3caa-b98c-a20f0edaec8d,ef95a6b4-cf95-32c2-b6e5-0488faaa3ac4,Jacques50 Walter473,M,GENERAL PRACTICE,259 LOWELL ST,SOMERVILLE,MA,021442666,42.3922293,-71.1061564,31,0
40f8fafc-b526-3d8a-ba21-7fd81e5e0bf2,a2d45ee8-b930-3169-b612-f602961ad212,Andrea7 Abeyta738,F,GENERAL PRACTICE,37 MINUTEMAN WAY,SHREWSBURY,MA,015452229,42.288207,-71.73443816915585,565,0
57492a8d-a62a-3bd7-b2f0-e8d2e113ea35,0fa1cab9-83c1-3c85-b7bc-53d8b922e2f7,Annita733 Frami345,F,GENERAL PRACTICE,115 LINCOLN STREET,WORCESTER,MA,016081216,42.2768165,-71.795274,515,0
ea88436d-dd35-370f-9b06-3d47c153e61a,817f4acb-0184-3146-9ce0-87197d8f115a,Julienne688 Buckridge80,F,GENERAL PRACTICE,30 NEWCROSSING RD STE 301,READING,MA,01867,42.51809619399502,-71.0959083715027,44,0
14c45e2d-ba6a-362c-a4a0-3e485b5842ee,8213f591-b5fe-3cf5-a9c4-36729d16b75e,Orville751 Hessel84,M,GENERAL PRACTICE,120 LONGWATER DR STE 200,NORWELL,MA,020611653,42.15682485,-70.8792143504961,23,0
37f9e6ae-fac7-3627-acb2-1b363067cd47,10ffe7b1-2f94-3f12-9288-679da05a1ec9,Odessa199 Hintz995,F,GENERAL PRACTICE,133 LITTLETON RD,WESTFORD,MA,01886,42.57056335,-71.41736646422413,42,0
7644dfd0-92e9-3cdc-9116-87b613924840,4fa643ae-1f58-3c2e-9f33-0ba56345ad10,Sharyl439 Williamson769,F,GENERAL PRACTICE,361 MAIN ST,WAREHAM,MA,025712153,41.761384899999996,-70.71911431737183,135,0
2310b34a-4426-340d-8ddb-ec2e949bb204,e98ef46c-e94c-34bc-9cf5-134d8ddcbac5,Patsy569 Olson653,F,GENERAL PRACTICE,10 EMORY ST,ATTLEBORO,MA,027033002,41.9447388,-71.27972821642685,1,0
7173bbed-d1a4-3c12-8026-16b3dd9e1eef,a73a3693-57ac-367e-b29e-f0f834cbaf66,Chelsey293 Simonis280,F,GENERAL PRACTICE,10 CORDAGE PARK CIR,PLYMOUTH,MA,023607318,41.9788991,-70.6879608,18,0
ae736994-ba6b-35c0-a89e-55c07cfba4d3,2b97893e-dc50-378b-a266-f089b8450329,Magdalena964 Torphy630,F,GENERAL PRACTICE,250 MOUNT VERNON ST,DORCHESTER,MA,021253120,42.3194571,-71.04610844302991,111,0
8ddcb03b-6ac2-3dc2-a17e-3b7d74d5b096,d0894f6b-78d7-338d-82ad-b63de4d40014,Dewayne363 Lemke654,M,GENERAL PRACTICE,330 MOUNT AUBURN STREET,WALTHAM,MA,02452,42.3756401,-71.2358004,259,0
3cce7086-c072-3af6-8cb1-9172e7f7380d,02661a4d-56da-3bfb-8ca0-0ecc77ba9fa6,Jacki842 Koepp521,F,GENERAL PRACTICE,30 CAPITAL DR STE A,WEST SPRINGFIELD,MA,010891359,42.13809525,-72.62351832623938,2,0
877a7422-3a57-3967-adfe-6163b0a61d9c,3d5fbf38-c781-3e04-8c7e-5a402611b7d4,Vito638 Barton704,M,GENERAL PRACTICE,260 ELM ST,SOMERVILLE,MA,021442951,42.3955992,-71.1227391,371,0
33cd6d01-ab42-33e2-8d37-3900149d7f47,f43f97f2-af04-3ed0-a42e-3681718cc9b2,Dorcas534 Quigley282,F,GENERAL PRACTICE,725 NORTH ST,PITTSFIELD,MA,012014109,42.4600752,-73.2492795834909,312,0
9614ea0d-cd3c-3181-8927-6431c03f6893,fd5342f0-10c0-3f48-9c7e-7100a64db139,Marcela739 Puga7,F,GENERAL PRACTICE,30 PRINCETON BOULEVARD,LOWELL,MA,018512405,42.6353691,-71.3322833,24,0
f5d71f61-f8d9-3a11-a672-3d9b80c16799,9ed61c49-1d0c-3774-b528-d75b50938fe2,Wilmer32 Stoltenberg489,M,GENERAL PRACTICE,110 West Squantum Street,Quincy,MA,02169,42.272617,-71.03133,880,0
828cd93a-482f-3c99-96a9-20322f611ba2,7ac466c6-7968-33fd-882c-6d5418f88c8a,Valeri645 Hayes766,F,GENERAL PRACTICE,2 MEETING HOUSE RD,CHELMSFORD,MA,018242700,42.60140085,-71.35097894451894,65,0
f219d7ee-e166-3af7-90ed-b52a247e7304,2f67494e-f17e-3248-ba68-3ca42913cca1,Brock407 Bergstrom287,M,GENERAL PRACTICE,184 MAIN STREET,FAIRHAVEN,MA,027193259,41.646106,-70.90865208079187,46,0
54b44921-9bad-384e-8fae-a1f952ecdb3b,88975fd9-b47e-3af6-af78-c58e1ecf0d5e,Luis923 Salazar800,M,GENERAL PRACTICE,115 W SILVER ST,WESTFIELD,MA,010853628,42.1178811,-72.75935246865802,243,0
3d5f3362-91d4-3f00-ac11-88e0f2406198,46e66051-c061-3c31-b439-1d71df92db1c,Bree992 Denesik803,F,GENERAL PRACTICE,11 NORTH ST,STONEHAM,MA,021801040,42.50329135,-71.10023035268328,2,0
63c45b7b-1b39-3b1f-b81e-01840c799a20,52efa2e5-007f-3396-a83a-28ca015f0595,Walton167 Turner526,M,GENERAL PRACTICE,20 N PARK AVE STE 2200A,PLYMOUTH,MA,023604090,41.960434631488596,-70.67007876763536,15,0
21b9f7d9-cb42-354f-8b8e-0a02d23c2d09,19439108-9835-38fe-8ee2-1226a355cfba,Anderson154 Kunze215,M,GENERAL PRACTICE,694 WORCESTER RD,WELLESLEY,MA,024822837,42.2964859,-71.2925571,34,0
d82b59fa-b11f-3a41-a938-7d2004d72360,ba5db88e-396b-39a6-9a0a-e9791bc709b7,Lester513 Olson653,M,GENERAL PRACTICE,80 ANDOVER ST,ANDOVER,MA,018105606,42.6390425,-71.15835003183432,3,0
b2859d76-f255-3959-8c28-0b75c7adab68,69d4b208-8ef3-3f98-aea1-ae44596db563,Jonathan639 McKenzie376,M,GENERAL PRACTICE,67 CODDINGTON ST,QUINCY,MA,021694511,42.25284595,-70.99994421220092,15,0
999366e6-8706-3afd-904d-789fc45a41ab,fd938c9f-a355-3ec7-96f8-516240ea1ba2,Sylvester827 Beahan375,M,GENERAL PRACTICE,529 MAIN ST STE 126,PLYMOUTH,MA,023604842,41.7664657,-70.7266525,3,0
18e63f04-55f0-3b2b-aa09-eed2deffe452,edd58f69-ad5f-346b-b1f9-530ccdc895f6,Shawn523 Padberg411,F,GENERAL PRACTICE,52 CARPENTER ST,ATTLEBORO,MA,027032472,41.9369576,-71.27996091755344,106,0
d004a985-bb15-3874-ad80-6641245a2b67,94ac48ba-e215-3ab9-ba88-a0b926d29cef,Nerissa37 Hahn503,F,GENERAL PRACTICE,300 WINTHROP STREET,MEDFORD,MA,021552311,42.421527,-71.11834,26,0
ac4d5664-658f-384b-aec9-40b1b014818b,0334ad53-5d57-384e-a411-63b075139c06,Silas208 Stamm704,M,GENERAL PRACTICE,66 CENTRAL STREET,EAST BRIDGEWATER,MA,023331913,42.03160525,-70.9572577506426,11,0
ca78cde6-f19c-3bf4-9aca-d4caf6cbb5dd,069b90f9-309b-35e4-b990-d1dbacb962cc,Leo278 Strosin214,F,GENERAL PRACTICE,36 LOWER WESTFIELD ROAD,HOLYOKE,MA,010402749,42.16975305,-72.63488031242107,323,0
6585c025-889e-3e3d-924e-5c504899b68f,b3f4de6b-901d-3856-ba81-35dc48a63d17,Jeana169 Cronin387,F,GENERAL PRACTICE,451 ANDOVER ST STE 205,NORTH ANDOVER,MA,018455079,42.6734518,-71.1268776,83,0
4ceaded6-5ecc-3d4f-99ed-172cb736f403,4ba48ef6-19f2-3177-bfaf-096daaebf26a,Katerine813 Wunsch504,F,GENERAL PRACTICE,275 TURNPIKE ST,BRAINTREE,MA,021845328,42.2064195,-71.005067,69,0
75e92357-a22c-3ac4-ac99-f06d99f04fb0,d087a353-12da-3785-b121-fb1291f8a721,Thad495 Baumbach677,M,GENERAL PRACTICE,17 CLARENCE ST,WORCESTER,MA,016052430,42.287673653061226,-71.80890779591836,29,0
4ac244ed-c27f-3f26-a227-e3615ebe2c22,aaa0fec8-a112-35c1-81d8-20cba5d2d00e,Tia76 Shields502,F,GENERAL PRACTICE,80 DEACONESS RD,CONCORD,MA,017424168,42.451360756038156,-71.37688541994147,1,0
92eee638-e097-3428-8816-af4ff4b297b6,e5ce3b83-f5e6-308d-aa64-82539fc2d906,Garret233 Dach178,M,GENERAL PRACTICE,1842 BEACON ST,BROOKLINE,MA,024451922,42.33728028715071,-71.14536064081996,1,0
c3a03858-1d8d-3123-9b63-a542fb96cb7d,2c2e6afc-9578-3ba5-bb12-eed97d3a823b,Ernie189 Schroeder447,M,GENERAL PRACTICE,405 RIVER ST,MATTAPAN,MA,021262210,42.2699017,-71.09061872585616,1,0
b2fb6364-3c7e-3b88-97b8-a71ba5cea1e3,8ce066ae-10ad-3679-9272-387e8cb21947,Bettye671 Tromp100,F,GENERAL PRACTICE,3 CHERRY ST,NEWBURYPORT,MA,019503928,42.80038345,-70.87664535540449,53,0
d9b23090-6648-3399-893c-e0a34817617f,f438b8e0-d856-328a-b193-2b014fc4cb97,Karri995 Reinger292,F,GENERAL PRACTICE,981 VARNUM AVENUE,LOWELL,MA,018541913,42.64591185,-71.36487149058269,8,0
7b35b47a-3a98-375f-aa21-6c7604a16651,a2047ff6-62f2-34d7-beb9-7e164d989c75,Emma804 Larkin917,F,GENERAL PRACTICE,1200 CENTRE STREET,ROSLINDALE,MA,021311011,42.29768,-71.130463,13,0
e07a9c9d-9735-35fa-af77-ad9ef4478cc0,936ceb96-2b12-371f-aa68-ee02a9c06f4c,Alan320 Keeling57,M,GENERAL PRACTICE,225 BOSTON ST,LYNN,MA,019043124,42.470497449999996,-70.96003668151566,103,0
94f60a09-814a-304c-9ebf-d19071cd4157,5d0d1d11-dd8a-3d28-b029-93062b6798a5,Shirley182 Flatley871,M,GENERAL PRACTICE,378 PLANTATION STREET,WORCESTER,MA,016052324,42.27966095,-71.7626143755108,2,0
1884cdeb-86a2-3031-9862-f2e6d81d1888,dfcd78f1-f67e-321d-84e3-f658c482c474,Susana117 Miramontes145,F,GENERAL PRACTICE,64 WOODLANDS WAY,BREWSTER,MA,026312550,41.737807,-70.0036669,30,0
0e73c061-bf5a-35a2-a272-83ad27098825,5818ce99-2a75-34ef-9cc7-e6cbf3b93ddb,Monroe732 Ankunding277,M,GENERAL PRACTICE,146 FEDERAL ST,GREENFIELD,MA,013012511,42.5928222,-72.5984235,107,0
7b11f3f3-8d81-34e1-aece-137f2df11fdf,51759ecf-0948-3f61-b8fc-09dd8f2b90a1,Damon455 Schultz619,M,GENERAL PRACTICE,CHRISTIAN HILL ROAD,GREAT BARRINGTON,MA,012301108,42.207865,-73.360405,16,0
a77c0808-5b4d-31a0-bb53-5ac348271e1e,a855314b-4fb5-37fc-8015-5caa96c928b1,Terrence276 Kiehn525,M,GENERAL PRACTICE,759 CHESTNUT ST,SPRINGFIELD,MA,011991001,42.121522049999996,-72.60300615153007,278,0
87702ea2-a893-32d4-a41d-9e1a3a7a9662,48a6d3ab-50ef-349e-8945-2558a78f378e,Mercy752 Kuhlman484,F,GENERAL PRACTICE,795 MIDDLE ST,SWANSEA,MA,027774114,41.730919,-71.208117,524,0
71c351df-b9f1-3fc9-8516-9c200b59cac7,0a8a4b11-d0b8-3cd2-92cd-983de5189cfa,Del587 Nicolas769,M,GENERAL PRACTICE,111 BIRCH STREET,LYNN,MA,019021574,42.47859105,-70.93458444045801,62,0
b2e6207c-9931-3f9c-8f5e-e21883dd063d,cabc0f0d-dcca-34a2-bc6b-519ed1cc7f74,Elicia233 Huels583,F,GENERAL PRACTICE,191 MERRIMACK ST STE 712,HAVERHILL,MA,018306199,42.7742236,-71.08181133783422,46,0
b53a4bd7-a30f-350a-a9f4-6c701b5f41a6,d3fe08e0-6fdc-36bc-8f88-c8b7654cdcd8,Eustolia154 Paucek755,F,GENERAL PRACTICE,545 SW CUTOFF STE 9,WORCESTER,MA,016071766,42.211685200000005,-71.7968399931798,4,0
7187298d-30f6-3d8e-b874-74bb4de2f001,bea92616-0fee-39b9-9a23-42c6fd899f35,Ignacio928 Beier427,M,GENERAL PRACTICE,10 ERLIN TERRACE,TEWKSBURY,MA,018762666,42.61292480142526,-71.24215126690858,2,0
52bacfaf-bd6b-3d52-a311-c830a9c20d50,335fe080-43f9-3219-84bd-031c4fcfe9d5,Nikki942 Hilll811,F,GENERAL PRACTICE,146 PARK AVE,ARLINGTON,MA,024765829,42.421350950000004,-71.18224816367342,1,0
ebbdb872-207c-3176-b04a-b58a6ab1f160,7b7ce654-a413-37d1-9d34-97240c0ac580,Liberty95 Kihn564,F,GENERAL PRACTICE,1 WRENTHAM ST,BELLINGHAM,MA,020192532,42.025037350000005,-71.48945118224057,33,0
08fa0f6f-d49c-3441-b642-2d77b6d797f8,93bf4a6b-8fb3-3a1e-9be6-4958736f2bfb,Kory651 Trantow673,M,GENERAL PRACTICE,1102 WASHINGTON ST,BRAINTREE,MA,021845438,42.19876545530798,-71.00672788298964,1,0
e3a5aa94-ec3b-38cb-a9c1-91dfb4fec8e3,95b01a7c-e16a-37d4-b354-c404baa00203,Clemente531 Canales95,M,GENERAL PRACTICE,290 SOUTH STREET,PITTSFIELD,MA,012016824,42.440485002637104,-73.25677853480586,13,0
0550d6f9-a59f-3333-a6da-aec26f8e740e,7b20d1c4-c56b-3647-801c-5e4e13679073,Mozell819 Prohaska837,F,GENERAL PRACTICE,275 SANDWICH ST,PLYMOUTH,MA,023602183,41.94186605,-70.6455366462985,284,0
c65a966b-88c5-3967-aad3-2fa0ec912062,880c8804-deb0-35b0-9132-06950118b8b3,Sherron201 Flatley871,F,GENERAL PRACTICE,150 LINCOLN STREET,NEEDHAM,MA,024922914,42.2743931,-71.23662905222776,14,0
4bba8d3c-7a2d-38b0-ba1a-91e931295f30,281525ef-5743-34a8-9339-66c8b4be6668,Dane516 Crona259,M,GENERAL PRACTICE,555 PLANTATION STREET,WORCESTER,MA,016052376,42.2907683,-71.7649752,2,0
8902c2ec-88e3-3c4b-8be5-d25a4244eabb,2399f9b0-28d7-3355-ae52-474326a3b021,Viki353 Boehm581,F,GENERAL PRACTICE,23 N ASHLAND ST,WORCESTER,MA,016093041,42.26901755,-71.80739730766234,58,0
fc24a860-bb8c-3b6b-a8f6-c472acff22b8,3e97ce4f-3ad7-3cea-883f-e2bb4ca89d83,Dan465 Swift555,F,GENERAL PRACTICE,30 NEW CROSSING RD,READING,MA,018673270,42.51809619399502,-71.0959083715027,29,0
26a2200a-e8c5-3a16-a724-1028d1dd95b2,c60fc3df-9dbd-3f31-a456-41c84490266f,Booker670 Johnson679,M,GENERAL PRACTICE,146 MAC ARTHUR BOULEVARD,BOURNE,MA,025323902,41.7412166,-70.5989196,30,0
9696472a-8724-361c-8659-426edf8b326f,883da606-d4ee-34ff-96c4-6e6be2e4dc30,Trey250 Wintheiser220,M,GENERAL PRACTICE,45 UNION STREET,NATICK,MA,017606056,42.2814862,-71.33753630597062,2,0
665e2bc7-6fb1-381f-be1a-1b502b908b8b,46daa26f-fda5-38a9-9c45-fda430d28fa6,Caryl47 Bernier607,F,GENERAL PRACTICE,25 RAILROAD SQUARE  SUITE 501,HAVERHILL,MA,018325721,42.7736752,-71.08561759491305,6,0
78f34d8f-a7c2-3cad-ad51-0f55b0dfc2a0,c0132cf6-1703-3aad-89b4-cc2f2bbc123e,Neville893 Schoen8,M,GENERAL PRACTICE,66 NEWTON STREET,WALTHAM,MA,024536058,42.3746705,-71.22789736306842,5,0
3b9b5648-fefc-3ce3-a0c7-ed179ea4e776,d5920b72-ac1a-3ec4-81ca-e3b75cb7aadd,Merrilee429 Daugherty69,F,GENERAL PRACTICE,251 Causeway St.,Boston,MA,02114,42.3665,-71.05931,47,0
8accf71b-e5c7-30b7-aa5d-8cc633f1a3ec,71d9e7fe-5a34-3f11-8edb-f79c482785fe,Phillip440 Kunze215,M,GENERAL PRACTICE,42 CAPE RD,MILFORD,MA,017573292,42.1274477,-71.5195252,37,0
bb505cc2-c439-325d-9fb9-25a3632a490d,4f59f709-8b84-3d27-a04b-c6b7b5544413,Jamison785 Davis923,M,GENERAL PRACTICE,70 BOLTWOOD WALK,AMHERST,MA,010022271,42.3768779,-72.51840280783739,149,0
27963fd6-775a-3b01-842d-a00f39334037,c4e5b33c-17b8-3f51-a8ba-a327d54e642a,Kaila152 Dibbert990,F,GENERAL PRACTICE,94 N ELM ST,WESTFIELD,MA,010852917,42.1322823,-72.7436679,265,0
f2e3448f-87c0-3205-8763-fd7829a095d9,36d328a2-68bb-3967-a9bf-00897a7c945f,Jettie913 Rodriguez71,F,GENERAL PRACTICE,299 WAREHAM STREET,MIDDLEBORO,MA,023462905,41.869676,-70.873384,9,0
619ec5c7-ac25-3d61-9ce7-2d26835c0565,6d6ef57e-b2ce-3a69-bacf-4305c51834b0,Frankie174 Skiles927,M,GENERAL PRACTICE,186 HIGHLAND AVE,SOMERVILLE,MA,021431507,42.38845955,-71.10666839512322,4,0
fe74f9d0-7d8d-3b29-a790-2906814cfe78,a9f0c80c-2cc2-31ea-9ead-d13d373a6fe4,Carman694 Hartmann983,F,GENERAL PRACTICE,140 PRESCOTT ST,NORTH ANDOVER,MA,018451826,42.7052468,-71.11780689673651,1,0
43eeb6a4-9574-3774-958d-ee8dcc2b5a18,552ede7f-2ba4-39ef-9217-29d27b89b8a7,Gordon377 Reichert620,M,GENERAL PRACTICE,87 SHATTUCK STREET,HAVERHILL,MA,018302319,42.796917699999995,-71.05216081525802,14,0
800eace2-3860-3253-ba96-5afde3554226,79d49935-bcc0-36ca-920b-45365c367438,Sherita708 Hudson301,F,GENERAL PRACTICE,409 W BROADWAY,SOUTH BOSTON,MA,021272245,42.336831,-71.047958,166,0
4cfb351c-d0ba-3766-b0f1-58c2c33b2002,0f2c58ec-5323-3c0f-9bdf-af0df7eb2a2b,Mana631 Boehm581,F,GENERAL PRACTICE,130 DORCHESTER STREET,SOUTH BOSTON,MA,021272642,42.3334312,-71.0494949,13,0
f57ace7b-97cd-3246-8bf3-db9237a00a83,680532c8-2661-3b39-875a-b6ec0746ccf5,Jolyn4 Dach178,F,GENERAL PRACTICE,30 ATHOL ST,ALLSTON,MA,021341124,42.36075595,-71.13397379082869,61,0
27d39ffd-b265-3fe9-8d4b-fe9c029d45f5,cc400ddc-c38d-3604-8d89-cea21555719f,Irene779 Kirlin939,F,GENERAL PRACTICE,87 CHESTNUT ST,NATICK,MA,017603644,42.293559188306446,-71.35158050924959,114,0
cb0c658c-8be0-3481-96de-27530f2b7ef8,51370692-6296-3150-8672-559fc73f964f,Almeda560 Okuneva707,F,GENERAL PRACTICE,75 FRANCIS ST,WEST BRIDGEWATER,MA,023791542,42.0219112,-71.019004,256,0
06148ba2-60d0-398b-82f2-61005a053900,10dcd91e-6eda-385b-bafb-d5e1ae92dc34,Susanne275 Abernathy524,F,GENERAL PRACTICE,677 W MAIN ST,HYANNIS,MA,026013493,41.652312699999996,-70.32027525205335,40,0
74bb0e4f-6502-366d-9583-cbdd0180dc48,362cc3af-dcb0-31d0-a2be-a5ba9d016aeb,Roberto515 Tromp100,M,GENERAL PRACTICE,629 SALISBURY ST,WORCESTER,MA,016091121,42.2932691,-71.8390048,8,0
301c38d3-cb11-36ca-b9bd-90e9fc75db58,cdc87240-38e9-36f8-959b-706642e01e11,Vicente970 Armstrong51,M,GENERAL PRACTICE,243 CHARLES ST,STONEHAM,MA,021803559,42.4814675,-71.0924311,122,0
dfe57623-c7a0-3e20-8981-584096f95e7c,c6b019eb-28ec-36f6-abf3-bcc4d1d58966,Sherwood961 Aufderhar910,M,GENERAL PRACTICE,33 AVON ST,WAKEFIELD,MA,018802310,42.50403445,-71.07462951514611,75,0
b7f4ef84-72f3-3edd-88ba-57fd96e55c97,b5b380d2-df21-3389-abf0-08551c7e1f2d,Rueben647 Friesen796,M,GENERAL PRACTICE,85 PATTON RD,DEVENS,MA,014344401,42.5304204,-71.61505519305638,146,0
86395fe8-93b5-3ec9-ada6-a8eba59abb7b,31e00f85-6909-3d9f-afc6-5ae507ab0c06,Kyle55 Collier206,M,GENERAL PRACTICE,382 GROVE STREET,BRAINTREE,MA,021847324,42.189369400000004,-70.98451984814267,238,0
1f6e1b40-5b88-3274-b9c7-38af47fb00b0,dd8f40be-2c90-347a-abf6-c07a5ad4148f,Harold594 Bashirian201,M,GENERAL PRACTICE,105 CHESTNUT ST,NEEDHAM,MA,024922520,42.2784618,-71.23770041644639,36,0
afefe88f-dab0-3fb9-8161-c405abd51882,b3312a2d-37e9-35a8-b50d-6c165c437baa,Lorretta561 Reinger292,F,GENERAL PRACTICE,45 DIMOCK ST,ROXBURY,MA,021191029,42.32030665,-71.09721114916246,45,0
1f4368a0-0c31-38c5-8b6e-8833ad23b19a,6afea80b-1e56-3487-a326-f4a979f92c28,Rueben647 Tillman293,M,GENERAL PRACTICE,34 BATES RD,MASHPEE,MA,026493280,41.61929295,-70.49056908851608,27,0
428be3a6-5dd4-3ab1-ae2a-c7b360502e14,b6717471-7f78-32c4-b1c5-e3a6310553d7,Noe500 Roob72,M,GENERAL PRACTICE,15 RAILROAD AVE,TOPSFIELD,MA,01983,42.6375935,-70.9494966,22,0
bc8dc83c-b5ac-33e1-9bfe-837e445fb99b,2836d9ac-c6a6-39d1-8f13-fdf0fc8928f4,Carlton317 Koch169,M,GENERAL PRACTICE,365 EAST ST,TEWKSBURY,MA,018761950,42.6069472,-71.2180803,2215,0
091df53c-2054-3c55-83a1-afc6d5c122cf,a2f8d8fe-665e-390f-8b9b-efdc0b14a77c,Armand155 Towne435,M,GENERAL PRACTICE,161 JACKSON ST,LOWELL,MA,018522103,42.6425382,-71.3093946,65,0
d2e9ca34-6e4e-3085-b0ee-bc69ac2f8297,82c72223-f521-3a34-9b9b-4ff366365399,Shon148 Reinger292,M,GENERAL PRACTICE,2100 DORCHESTER AVENUE,QUINCY,MA,021691870,42.2509914,-71.0037374,638,0
771bbe25-b1bb-384a-bc28-e79adc205fb1,a2e970fd-d145-3b38-ad04-14fc0c054c14,Antone63 Klocko335,M,GENERAL PRACTICE,89 NEWBURY STREET,DANVERS,MA,019231408,42.5649782,-70.97486650013562,20,0
d8073579-41c1-3721-ba54-008abecbe108,15e26ce3-9006-3ce2-9327-493180a15ec1,Marlin805 Breitenberg711,M,GENERAL PRACTICE,6 GROVE ST,NORWELL,MA,020611534,42.172231693916025,-70.87836493029226,76,0
b918be40-1885-39a7-b64c-f31d5b5b0491,b5e6f1bd-c744-3556-9775-5ff8399eea33,Whitney250 Wiza601,M,GENERAL PRACTICE,2284 MAIN ST,CONCORD,MA,017423829,42.44300895,-71.42458458423982,32,0
cea6368f-9ad2-38a1-969a-00598c1bc299,7c625dc4-2593-31eb-95fd-6a912832b8bb,Ronny764 Braun514,M,GENERAL PRACTICE,980 WASHINGTON STREET  SUITE 124,DEDHAM,MA,020266704,42.228918,-71.18501264023513,8,0
b41127d6-71f5-331a-8aef-2241e0900366,04b252db-4231-3cb5-963d-6f096fb4b97c,Horace32 Grady603,M,GENERAL PRACTICE,1177 PROVIDENCE HIGHWAY,NORWOOD,MA,020625019,42.194543,-71.1994976,18,0
9f66d86b-e25c-3c25-a745-b78a482a8ebd,83579123-f29c-39b8-9f5f-8f79e91683c7,Eva64 Carrera906,F,GENERAL PRACTICE,100 CENTURY DR,WORCESTER,MA,016061244,42.3138278,-71.7707002,84,0
7c4d4145-e18c-3994-adfa-0cdb12b37beb,94f6a3ae-7d8d-3cbc-a788-e400732da7e5,Ammie189 Kuvalis369,F,GENERAL PRACTICE,450 WEST RIVER ST,ORANGE,MA,013649603,42.5928702,-72.32953998953418,10,0
3d7bf5d7-04ef-331b-a64a-feaf7eb2f904,adf66683-c158-3efa-8e6c-7b2a273aa4ba,Eden920 Lebsack687,F,GENERAL PRACTICE,15 MILL ST,MARION,MA,027381546,41.71414569747417,-70.7725958636297,1,0
051a6bce-83a4-3d2d-ae8a-bc2b75d4696f,e2eab39c-5195-34aa-b35f-e89e37cfed01,January966 Roberts511,F,GENERAL PRACTICE,55 FOGG ROAD,WEYMOUTH,MA,021893141,42.175539799999996,-70.9539153674405,1138,0
69d1f635-6c66-3041-a9e4-33e16c22e35e,4fa8411f-42f8-3353-8947-bf15254c9dee,Lane844 Gutmann970,F,GENERAL PRACTICE,90 GREENWOOD STREET,WAKEFIELD,MA,018804039,42.476321150000004,-71.06922169005762,9,0
e7a7bbcd-5d18-3730-8db4-c1ce5298040a,ca7b6c37-ddf1-3aa2-8bc4-d96cf3fa2fe6,Jennefer743 Hagenes547,F,GENERAL PRACTICE,559 PLANTATION ST,WORCESTER,MA,016052350,42.291381799999996,-71.7630578363871,1,0
d2209c08-735e-34fd-b3be-c21fab447fe7,21989e2e-249c-3b79-acf0-240211e16b4b,Hung902 Ullrich385,M,GENERAL PRACTICE,1290 TREMONT ST,ROXBURY,MA,021203432,42.3327398,-71.09194864251029,47,0
73b1c4bf-9283-3337-a615-d0a20fbac507,a977feef-f585-3fa8-8deb-7e60fc2cab30,Keneth579 Schulist381,M,GENERAL PRACTICE,2314 MAIN STREET,TEWKSBURY,MA,018763128,42.58023655,-71.19367180835906,57,0
f2d4911a-1bf3-367c-9656-0dd5c4f82f5a,b411fd60-9bd5-30f1-99b4-c24a409964a1,Hilario934 Schumm995,M,GENERAL PRACTICE,42 ASBURY ST,SOUTH HAMILTON,MA,019821808,42.61322825,-70.87300675048934,34,0
bd755ce0-602c-3115-9693-c074873b96f2,73158a24-c079-3fb1-800a-2d7e26d9c566,Kortney212 Wehner319,F,GENERAL PRACTICE,6 ESSEX CENTER DR,PEABODY,MA,019602907,42.539944,-70.950156,47,0
d110598a-3f9f-3ae6-a551-4a1dbd33c56c,1de7e7d9-9a7a-3a3f-bf4c-b4de450711f2,Vince741 Morissette863,M,GENERAL PRACTICE,198 LITTLETON RD,WESTFORD,MA,018863429,42.564282,-71.42620615382347,29,0
0bcf156a-b9db-323d-8d5b-c653c35c5987,68503514-203a-3202-ac09-ea411c96caec,Teodoro374 Kovacek682,M,GENERAL PRACTICE,309 TEATICKET HWY,TEATICKET,MA,025365625,41.568302200000005,-70.59404025373951,75,0
1142466a-bc41-3ba1-a371-1080702ba0ce,f52777bd-7313-3b27-8dd5-cd3f87bd3275,Larraine124 Torphy630,F,GENERAL PRACTICE,9 HOPE AVE,WESTWOOD,MA,020902914,42.2139873,-71.2244987,28,0
d4cbae58-6997-3d1e-83cc-629c768a944f,df3f566c-97e5-31ed-b0fe-4b452666f736,Mckinley734 Rodriguez71,M,GENERAL PRACTICE,300 CHESTNUT ST,NEEDHAM,MA,024922477,42.27522125,-71.23743483674366,47,0
24f0c5ea-3a2a-3ae9-a58e-4b8d793ea031,05cc5056-7af4-3afb-9a5a-d7a1c23a2509,Francis500 Lehner980,M,GENERAL PRACTICE,2069 ROOSEVELT AVENUE,WEST SPRINGFIELD,MA,010892595,42.105237,-72.6213712,5,0
242ca5d9-10fc-3206-ab7f-2cfd7ece81c8,4705a8fd-19cd-32c1-8b3e-34bcfe84d0bd,Wynell591 Mayert710,F,GENERAL PRACTICE,55 N WASHINGTON ST,NORTH ATTLEBORO,MA,027601607,41.983529,-71.332241,223,0
ec9e8d41-6514-3250-ab17-00564146fbee,7345a4c0-52c6-3da2-8aef-fccb8ad3e8c4,Rosalia943 Pedraza69,F,GENERAL PRACTICE,114 TURNPIKE RD STE 206,WESTBOROUGH,MA,015812800,42.28414835,-71.60433295499837,1,0
e0798d64-234e-31ff-899a-e45eb1296407,f5ccbb53-e4a0-32e5-a693-02150497a8f4,Tyrone215 Huels583,M,GENERAL PRACTICE,100 HIGHLAND ST,MILTON,MA,021863881,42.250705749999995,-71.07724199194602,73,0
1438dfa3-a3c2-38d7-808a-40c5e1184128,497f39dd-280e-3d58-af5b-c5e3a3a09b10,Arden380 Bergstrom287,M,GENERAL PRACTICE,27 PARK ST,HYANNIS,MA,026015230,41.65363635,-70.27352219234834,1690,0
3ca22915-1843-30f7-8774-ea6ee7ee9c9e,f2a6c4f7-f5b2-361a-95c4-3d635b352a46,Benjamín452 Sarabia507,M,GENERAL PRACTICE,546 SOUTH STREET EAST,RAYNHAM,MA,027671079,41.8984957,-71.03751432894776,15,0
c880049a-fb39-3d71-acae-dac9181bca53,b0762027-dc86-335b-8310-f4f031c1caca,Elijah719 Swift555,M,GENERAL PRACTICE,765 WEST CENTER STREET,WEST BRIDGEWATER,MA,023791517,42.01302315,-71.05345585281756,7,0
be05c9a0-3a33-3166-b6d8-9c68268cc71a,eaaf102d-0188-3a69-a751-030645e2a7b0,Errol226 Kiehn525,M,GENERAL PRACTICE,605 MAIN STREET,WAREHAM,MA,025711031,41.76766153042966,-70.73096212925822,16,0
d946098c-fbe2-309a-a8fc-631c09a566d6,0d7fd824-1c7b-3f8b-a662-f6c2005e82e1,Arminda86 Trantow673,F,GENERAL PRACTICE,88 MASONIC HOME ROAD,CHARLTON,MA,015071394,42.1389039,-71.9782681,24,0
6430b67b-33d1-3998-a741-6a6d891edc26,ed0c5b98-dc8a-3fc9-9856-61f1a1c75b11,Werner409 Gerhold939,M,GENERAL PRACTICE,40 JULIO DR,SHREWSBURY,MA,015453010,42.29191827853838,-71.70343631978118,6,0
32973cfe-a09d-3ab7-811d-ceeb550e2824,a525d084-5a8f-3859-a048-2130a4092ec8,Antonia30 Figueroa648,F,GENERAL PRACTICE,2 MOUNT ROYAL AVENUE  SUITE 350,MARLBOROUGH,MA,017521976,42.34042135,-71.57841367654626,27,0
a9502dae-fa23-32b6-ac21-b062f0f8bd79,accb8cdd-6560-3fef-b0a6-f12c3295026a,Gerardo48 Bergstrom287,M,GENERAL PRACTICE,969 PARK STREET,ATTLEBORO,MA,027035115,41.9266899,-71.2611303145582,70,0
ff9600a6-b3ad-3f7e-bcd1-7361a43ca7ea,6618f4ef-656a-347f-b61e-ed4d6c21763a,Marc757 Greenholt190,M,GENERAL PRACTICE,231 SUTTON ST STE 1A,NORTH ANDOVER,MA,018451620,42.70554405,-71.12856345,43,0
8897e73e-8114-3aa2-ab85-da90e9cb0242,7445ae34-b648-3d3a-b8cf-0eb630061b6e,Pearline482 Pagac496,F,GENERAL PRACTICE,34 CEDAR ST STE 4,WEST ROXBURY,MA,021324338,42.2792649,-71.1494972,3,0
807973d4-794c-3d24-9abb-0ef80a3e4fe2,a2df2aea-9c53-31f4-baea-02ea5ea1e553,Almeta56 Lehner980,F,GENERAL PRACTICE,95 LAUREL STREET,GREENFIELD,MA,013013106,42.58163075,-72.61795013515538,37,0
5fef526e-483d-3a3a-b7f7-66886b1b2a1a,390a2aa4-70b4-3a64-a12f-9bd777834c8d,Hunter736 Howe413,M,GENERAL PRACTICE,710 MAIN STREET,HARWICH PORT,MA,026461931,41.669654699920855,-70.06169919459835,235,0
ea720683-19b2-32f4-8101-d38cbefe9843,b52544d0-e4d4-37b4-a0cc-cd31ce2ad580,Renna830 Fahey393,F,GENERAL PRACTICE,575 OSGOOD ST,NORTH ANDOVER,MA,018451975,42.700032750000005,-71.10447421114826,1,0
71a2d46d-49f6-362d-8ccf-8b4f0cdb3a26,18a96051-91f4-3cba-af96-056ea14dfee0,Silva841 Grimes165,F,GENERAL PRACTICE,25 HIGHLAND AVENUE,NEWBURYPORT,MA,019503872,42.81369325,-70.89091645747592,476,0
58738ba2-8bcd-3d6b-b71c-a3691f7f396f,c5d5a544-0277-342f-8422-d30848a82438,Adela471 King743,F,GENERAL PRACTICE,151 ROCK ST,FALL RIVER,MA,027203201,41.70365955,-71.15259151299796,38,0
d8675962-f67e-37dd-a459-2ba36000acf6,1ab2b5f9-cb95-3236-beec-9b9d4a407c61,Carroll471 Eichmann909,M,GENERAL PRACTICE,725 NORTH ST,PITTSFIELD,MA,012014109,42.4600752,-73.2492795834909,292,0
d444363f-82ee-32c5-a7e7-fe18339b2181,a43fd704-ddbc-3f63-b3a0-e97c5d42ab5e,Alysia661 Bogan287,F,GENERAL PRACTICE,447 HILL ST,WHITINSVILLE,MA,015881016,42.1216837,-71.6715608,5,0
4cc77ec5-3496-32c7-b57f-c9994831ebb1,1bed5229-19d7-3168-94a2-f1f2abb00270,Nilsa143 Moore224,F,GENERAL PRACTICE,88 WASHINGTON ST,TAUNTON,MA,027802465,41.9062805,-71.09518121351795,16,0
b02e9b57-3127-3b1f-b007-0704d2980e9c,41e2a44c-477c-3511-96f9-12c476aa3b6a,Antwan357 Lindgren255,M,GENERAL PRACTICE,85 E NEWTON ST,BOSTON,MA,021183553,42.336277100000004,-71.07085295687423,638,0
74f656a3-6bad-3c04-82f6-845e25cc1f47,f00601d0-d49e-30ed-bc3e-314379f2103e,Mitsue965 White193,F,GENERAL PRACTICE,490 MAIN ST,MELROSE,MA,021763841,42.4550741,-71.0654799,136,0
7f322673-16cd-39ad-8e54-8e9bf375c93f,97a14f8a-1b8c-3b40-b5bd-f44f1440c1ba,Melissia267 Bergnaum523,F,GENERAL PRACTICE,23 WHITES PATH,W YARMOUTH,MA,026733200,41.6501114,-70.2411312,43,0
47169818-a06c-3645-a5a0-f020ec92e9bc,9d41e4fc-9507-3ddb-82ad-966046fca031,Cleo27 Lehner980,M,GENERAL PRACTICE,104 RANDOLPH ROAD,WORCESTER,MA,016062465,42.29955605000001,-71.79838133819244,5,0
8dda7b93-2281-3e38-9692-e080dd611a40,71a1e089-024e-3255-a536-9204586fa4fc,Millard193 Doyle959,M,GENERAL PRACTICE,1 GORHAM IS,WEST YARMOUTH,MA,026733200,41.6501114,-70.2411312,1,0
87e8d6f4-c709-3630-9ee3-1857c7d744d2,5b0cd0a0-f277-3a66-bee6-d64b5be4a3f5,Waldo53 Hintz995,M,GENERAL PRACTICE,725 NORTH ST,PITTSFIELD,MA,012015493,42.4600752,-73.2492795834909,234,0
1ea6842d-b664-39a5-8768-f91d6b3b5660,0a42bb03-b1a7-347d-82f3-4ba02080e55c,Niesha86 Friesen796,F,GENERAL PRACTICE,332 WASHINGTON STREET,WELLESLEY,MA,024816217,42.310362049999995,-71.27601802190625,110,0
75ace972-e0a5-3847-b23d-ec51d717ef69,d2ff60c8-34c8-359e-a9c5-e4f3da28b330,Preston275 Konopelski743,M,GENERAL PRACTICE,199 Main Street,Gloucester,MA,01930,42.613102,-70.66085,328,0
e98a9416-f0ea-3428-8647-5717776b0ebc,4956f573-3dc2-3a67-9692-2f57451744e6,Kathe603 Davis923,F,GENERAL PRACTICE,400 BOLTON STREET,MARLBOROUGH,MA,017523912,42.35966285,-71.55290125539051,14,0
61f40853-f5eb-3a93-a015-fc0b97a3d23a,9403b76f-087c-3198-ad40-cc92bb033771,Stephen891 Berge125,M,GENERAL PRACTICE,329 BOSTON POST RD UNIT A,SUDBURY,MA,017763061,42.3834278,-71.4161725,25,0
d29d5993-2155-3fdf-bdea-f277761d8f34,69195f53-626c-3031-b4de-d0b206f75d8c,Hal307 Wiegand701,M,GENERAL PRACTICE,174 FOREST HILLS ST,BOSTON,MA,021303353,42.306401050000005,-71.10237442688054,2,0
0b4f7643-d6a5-3cd6-bac4-ce12fb82946f,b44955d1-f0e2-3beb-a013-708a81dbe430,Juana825 Alba338,F,GENERAL PRACTICE,680 CENTRE ST,WEST BRIDGEWATER,MA,023791600,42.0219112,-71.019004,185,0
fd06f45b-c70a-3ffc-b079-bb8def4fec13,363631be-d437-3548-98c2-d10b909c1721,Elaina826 Ferry570,F,GENERAL PRACTICE,50 MANSION DRIVE,ROWLEY,MA,019691026,42.73718535100735,-70.88053187301136,17,0
60283ef7-48c1-3cb2-9ecf-e9471d3aa8eb,ad2dab07-4f85-3950-baaa-7c7cd2aa770c,Federico589 Kuhic920,M,GENERAL PRACTICE,55 LAKE AVENUE NORTH,WORCESTER,MA,016550002,42.2774799,-71.76166994969458,391,0
8bb73d05-a7fc-3320-beb7-8a8e2992c9cb,18b1bb7e-2f93-3253-a7ae-d19c13ffeaa1,Derick144 Bashirian201,M,GENERAL PRACTICE,29 E 29TH ST,WEST NEWBURY,MA,019854201,42.8014795,-70.989778,110,0
ced016d9-d7b3-3054-89a0-ead558d8566d,67d2f85b-ddc7-3ed0-b90b-6fa5b7b8358a,Norah104 Jenkins714,F,GENERAL PRACTICE,43 FOUNDRY AVE,WALTHAM,MA,024538313,42.37050535,-71.21908334877376,63,0
4161f923-bac5-369c-b9a6-e45ddeb48e96,514c9360-e5ed-3ba7-ba3c-15b249c097d0,Adriene242 Wilkinson796,F,GENERAL PRACTICE,272 WASHINGTON ST,GLOUCESTER,MA,019304818,42.624039100000005,-70.67854005962928,1,0
dd98662c-cd49-33d1-96cf-8c6567c8db10,1d45436f-15a9-326e-a452-2e9ffc9fc5e5,Marcos263 Guerra754,M,GENERAL PRACTICE,75 SPRINGFIELD RD,WESTFIELD,MA,010851832,42.111428849999996,-72.71189899299209,246,0
5681d835-c5bd-3954-b95f-09a67cad970c,0d9b0d22-585e-3fd8-ab02-26b5be7915d1,Duane703 Koelpin146,M,GENERAL PRACTICE,516 CAREW ST,SPRINGFIELD,MA,011042330,42.12133575,-72.59217953646302,95,0
f736f192-c4b5-3863-81d4-905f0fbf2c07,d3335d07-2a2c-35d7-9b87-c022393b6793,Nancie476 Lubowitz58,F,GENERAL PRACTICE,137 NICHOLS STREET,NORWOOD,MA,020622009,42.1930792,-71.20868232395514,11,0
8f37bd0f-f35b-34f8-9619-796bc9b55544,0d1570ab-371c-3898-9397-95905d8c5166,Santina680 Dicki44,F,GENERAL PRACTICE,750 WASHINGTON ST,BOSTON,MA,021111552,42.3499038,-71.0631836,278,0
fa24cc5b-3d12-36ef-a24b-cf157fa78e0a,1853aeef-5897-326a-80d6-aa4b0459eb6d,Kendra609 Kassulke119,F,GENERAL PRACTICE,381 WICKENDEN ST,ATTLEBORO,MA,027032247,41.9438129,-71.2806515,145,0
b51a9d6f-d6ab-392c-9743-962b81634145,4b7e26e6-e5b1-38c9-b4ac-fde9a0f93177,Antonia30 Santillán790,F,GENERAL PRACTICE,38 BROAD STREET,QUINCY,MA,021694604,42.2560352,-70.99469254391217,76,0
0ad49195-e657-3eb2-b617-56de599d00dd,93552c27-f173-385f-8849-ee56c25f638b,Song837 Cummerata161,F,GENERAL PRACTICE,359 HIGH ST,GREENFIELD,MA,013012617,42.6033006,-72.58135309677492,2,0
fcd3c8bf-9eb1-32f3-aff0-4ae960a16409,f3030ee3-dfa5-3595-b684-9769e52a580a,Carter549 Torp761,M,GENERAL PRACTICE,88 MASONIC HOME ROAD  DAVENPORT BLDG  2ND FL,WEST SPRINGFIELD,MA,010891357,42.105237,-72.6213712,2,0
97944fc9-b6f9-3af1-bd08-6c42209eee7c,94dda4e1-7476-367a-b1f8-37ea7f61a1b7,Dylan44 Robel940,M,GENERAL PRACTICE,145 WARD HILL AVENUE,WESTBOROUGH,MA,015811017,42.2694308,-71.6129907,139,0
7bce7a25-d70f-3e7f-941c-49c759cf11c6,01bb7b5c-f850-3c4e-a3f1-442d8273559a,Dennis979 Effertz744,F,GENERAL PRACTICE,395 PLEASANT ST,NORTHAMPTON,MA,010603914,42.3150543,-72.62555561349089,5,0
dbfdd7ce-9b02-359c-992c-7677da044768,22fa6d28-92b6-3446-a388-f5aba50debaf,Clarence5 Robel940,F,GENERAL PRACTICE,123 CAPTAIN'S ROW,CHELSEA,MA,021504019,42.3917638,-71.0328284,11,0
b7ed13db-b1cc-39d5-9aa6-8121bf476dcc,8a87ef73-eaa2-340a-bec5-c3cef01ef836,Kristle148 Rodriguez71,F,GENERAL PRACTICE,3 PARK DR,WESTFORD,MA,018863511,42.556814700000004,-71.43463308318695,1,0
cf583d01-485a-354c-95c2-bb31db751056,2ca615f3-87f7-3283-a447-d919a883b676,Isaias604 Dickinson688,M,GENERAL PRACTICE,1399 WASHINGTON ST,HANOVER,MA,023391653,42.1441354,-70.8440854,83,0
3f832cfb-eb63-3ec0-bc7b-f082d96504e5,c0a33465-d309-3d2a-932e-9d554a7cc19c,Veronika907 Rogahn59,F,GENERAL PRACTICE,100 CENTURY DR,WORCESTER,MA,016061244,42.3138278,-71.7707002,538,0
cf72d347-87ff-3bf9-a715-e2a9d487b8a9,0583e4f7-f1c2-3100-8e0c-d0decc7ef261,Dusti191 Howe413,F,GENERAL PRACTICE,123 WATERHOUSE ROAD,BOURNE,MA,025323890,41.72840155,-70.58506829999999,90,0
fcdfeaf1-a9d7-3e88-b56b-d2a957955558,7f32dd7d-5c35-3ddb-839b-8fbbb930d412,Luna60 Littel644,F,GENERAL PRACTICE,863 CENTRAL STREET,FRAMINGHAM,MA,017014813,42.30758060362541,-71.42846215724606,24,0
a40eae2a-33d6-3fc2-ac7f-2a58370af012,51d38e67-9350-39b8-bbb3-91cc879ae415,Millie392 Hoppe518,F,GENERAL PRACTICE,335 NICHOLS ROAD,FITCHBURG,MA,014201932,42.598254850000004,-71.80841914533654,11,0
ca150639-749f-3ccf-9c45-1b9cef2e61b4,80646050-1c76-3046-bbc8-fd5f0b7c34e6,Mayola305 Hauck852,F,GENERAL PRACTICE,140 ARNHOW FARM ROAD,FITCHBURG,MA,014201369,42.5903661,-71.8119837,98,0
c8bc319a-555e-3b93-afa9-e46e2210dfbe,0a689d33-2b0d-3942-8de8-e28812e91c69,Noah480 Pagac496,M,GENERAL PRACTICE,47 SEAVERNS AVE # 5,BROOKLINE,MA,024463806,42.3317642,-71.1211635,124,0
e1577917-95f6-347e-b3dd-1b4d0fb5f912,cac6f8b3-eafd-31b3-9fa3-8015752ccc2c,Jessie665 Pagac496,M,GENERAL PRACTICE,123 SUMMER ST,WORCESTER,MA,016081216,42.26496835,-71.79655403681465,7,0
869850f4-ae7c-33e5-a3d2-28ec88637785,e02d9c87-52cb-3f3c-9f97-fe95f260c437,Sheldon401 Hoeger474,M,GENERAL PRACTICE,321 MANLEY STREET,WEST BRIDGEWATER,MA,023791022,42.0338457,-71.05496436428572,3,0
b6f90203-9479-3e97-a1f4-a955ddbeb65d,6e517750-a29e-3170-a02b-5733ff523458,Margarita164 Abbott774,F,GENERAL PRACTICE,101 BARRY RD,WORCESTER,MA,016091275,42.3030701,-71.8333408960994,40,0
f2d267a8-6579-3ebc-b63d-9a40b2c0e76f,bb867d36-0c8d-33b4-b19c-a8c026655b6c,Lahoma872 Macejkovic424,F,GENERAL PRACTICE,200 KENDALL ST,SPRINGFIELD,MA,011042532,42.12161175,-72.57784860231564,2,0
7ffbd526-4e1b-3ff9-819c-b7e8749836a5,1b3fe590-8793-3f08-865d-01fc425a84d4,Mathilde204 Wintheiser220,F,GENERAL PRACTICE,1340 BOYLSTON ST,BOSTON,MA,022154302,42.34392675,-71.09888049065322,13,0
92920d00-781c-3fe8-b452-45ae40e86776,0be0e035-8dad-387e-bbdd-a5a469c4311f,Tyler508 Howe413,M,GENERAL PRACTICE,480 MAPLE ST,DANVERS,MA,019234065,42.584178050000006,-70.97197467750539,106,0
e5574129-9d24-324d-b9b2-0fffbdd16b54,3f12ebb4-e03c-3453-88d2-4fc9682383df,Irina619 Stiedemann542,F,GENERAL PRACTICE,726 COUNTY ST,NORTH DARTMOUTH,MA,027473603,41.6389926,-70.9703171,173,0
ff3f2754-9f0f-39ed-917d-df5acc0605c6,a9fc7aa5-d3b3-314d-9cf7-af29051d3dd9,Rudolf736 Hermiston71,M,GENERAL PRACTICE,1193 SEA STREET,TAUNTON,MA,027803960,41.8946107,-71.11113,6,0
5bba8a82-cd87-3882-a87b-4bf0ff5c2ecd,477c3c1a-ba1a-3102-8a91-56624ba236e4,Jacquiline133 Davis923,F,GENERAL PRACTICE,642 BOSTON POST RD,SUDBURY,MA,017763302,42.36142375,-71.44123077142632,1,0
4d661ea4-4a83-3c61-afe0-91ecac6a9593,9c9d017c-0a4d-3e03-9802-4d310ea05c71,Essie785 Schaefer657,F,GENERAL PRACTICE,70 FULTON ST,BOSTON,MA,021091402,42.362439499999994,-71.05377386223965,1,0
ec6c29e4-d83c-3c80-8b1f-b8f66ea4fb4f,8ec2ca51-abb4-35dd-b90f-6c6aad6d2124,Rosario163 Galindo802,F,GENERAL PRACTICE,22 JOHNSON STREET,PEABODY,MA,019602311,42.54644385,-70.99288129112277,33,0
030165a8-e2e1-3449-a381-ac9f3913903b,8af3b144-0e1a-3c90-937d-81a4ed026080,Guillermo498 Fay398,M,GENERAL PRACTICE,800 WASHINGTON STREET,NORWOOD,MA,020623489,42.1886973,-71.2005241,96,0
6f8878bc-0774-3df0-9ad3-9ed923711a1a,9fdce5d5-d4d0-3156-a8d5-8757bfe4e9b3,Pamelia915 Kilback373,F,GENERAL PRACTICE,1 FARMER CIR,ARLINGTON,MA,024742866,42.42405225,-71.16792616556859,167,0
4ecdc98e-af9f-3384-afcd-579cb9493758,86f41096-d81f-3e26-b770-b26adc017d3e,Floyd420 Prohaska837,M,GENERAL PRACTICE,288 WASHINGTON STREET,QUINCY,MA,021695523,42.24983615,-70.9902487341626,9,0
72e6fbe2-8a9d-389c-ae94-479891a56320,a35fd733-dc1a-33f0-a308-292ff5581287,Phil587 Schaefer657,M,GENERAL PRACTICE,15 STRAW AVE,FLORENCE,MA,010621491,42.335654,-72.663286,154,0
b3bbaac3-cc7b-32bd-b656-7b01364910f7,b014aec7-7bd8-351f-8808-3e280cbc5be6,Rosaria177 Volkman526,F,GENERAL PRACTICE,70 EAST ST,HAVERHILL,MA,018306700,42.7777829,-71.0767724,177,0
949fe6d2-a251-3841-8fb4-0bd02138f672,b3b56527-d366-3353-bca9-266a12f23051,Obdulia648 Schroeder447,F,GENERAL PRACTICE,60 QUAKER HIGHWAY,UXBRIDGE,MA,015691628,42.06100105,-71.62352848737622,45,0
36a704be-0dd1-3ce3-97a6-fb7222c35194,f1664435-2eca-3eff-bd1a-13701e7ad1bd,Rosa195 Marks830,F,GENERAL PRACTICE,300 PASTEUR DRIVE,NEWTON,MA,024592058,42.3370414,-71.2092214,65,0
8c6e4f84-9344-32f6-b0ca-c1b159ba8b0d,fc90e623-9edb-30a7-9040-29968f8ebaa8,Kori635 Stiedemann542,F,GENERAL PRACTICE,271 CAREW ST,SPRINGFIELD,MA,011042377,42.11597825,-72.59301656598424,22,0
afb07e1f-bf96-3e5c-b5f1-a797b0d7402f,c5742266-625d-3824-9ed3-4b5c6bc3e296,Rod343 Goyette777,M,GENERAL PRACTICE,22 BRAMHALL ST,SCITUATE,MA,020664312,42.1939754,-70.7697128,157,0
41ec18ca-a5de-3d92-a533-c5bb56916e99,b242f971-3c74-3778-b148-81366c1e6a3f,Jaquelyn689 Bernier607,F,GENERAL PRACTICE,10 CAREMATRIX DR,DEDHAM,MA,020266149,42.2270762,-71.17237295563174,220,0
8aaee49c-92be-3890-9350-9c6c5d11c867,e8d0fea4-45cb-32d3-8798-0fe6156c4409,Andrea7 Howell947,M,GENERAL PRACTICE,265 ESSEX STREET,BEVERLY,MA,019151958,42.56513015,-70.86168781456092,1,0
6d16e2d6-fcfc-3370-a8ad-d3f1e3ef024a,e5b9db6a-8dd8-3622-b9ce-3dc593e111d1,Harvey63 Tromp100,M,GENERAL PRACTICE,1223 BEACON ST STE A,BROOKLINE,MA,024465332,42.3430087,-71.1170155,97,0
178f41f8-d5b9-3fe8-a214-7625ee189120,36c8b677-a6ce-3266-b71e-ed86d778d0fa,Rebekah348 Rippin620,F,GENERAL PRACTICE,300 FRIBERG PKWY,WESTBOROUGH,MA,015813900,42.28350315,-71.58027718702151,22,0
cfcbcde6-0728-3853-8a02-e060ccc2778d,e92dad8b-f485-315a-8fc4-1d7adfdc9c00,Ramiro608 Anderson154,M,GENERAL PRACTICE,581 FAUNCE CORNER RD,DARTMOUTH,MA,027471242,41.676111381167445,-70.98788528176077,400,0
4c300904-59d9-3d4d-902d-d7860c78cc1f,51e96f40-2058-378a-b3bd-d83c50d5cbcb,Palmer257 Jones311,M,GENERAL PRACTICE,200 NICKERSON RD STE 110,PLYMOUTH,MA,023602480,41.75001,-70.632075,25,0
29cf8f87-6a4e-3323-b06b-feb604205369,aad05540-c9cb-3805-b3c4-f9b9d9b42b2e,Quentin28 Fritsch593,M,GENERAL PRACTICE,821 E MAIN ST STE 3,CHICOPEE,MA,010206306,42.155774795300516,-72.55672263289513,324,0
d01407af-1750-350b-a7d3-257342e73ef5,2e73956a-942f-36f3-b88c-f88e782e578f,Ivory697 Boyle917,M,GENERAL PRACTICE,790 TURNPIKE STREET  SUITE 202,NORTH ANDOVER,MA,018456138,42.661547049999996,-71.10774565195425,18,0
e92432d8-b194-331a-816b-d3d462d9a4b2,2987ddf5-7ff2-3e4a-9e25-d654a10313fd,Josefina523 O'Connell601,F,GENERAL PRACTICE,519 MAIN STREET,MEDFIELD,MA,020522522,42.186209649999995,-71.30745495273302,9,0
ab0096f3-9347-3eb7-a192-4500fa4ad907,ce3b504c-f15c-3bcf-ba6e-dcb551cc7d7f,Dale454 Schmitt836,M,GENERAL PRACTICE,112 SOUTHAMPTON ST,BOSTON,MA,021182711,42.33240995,-71.06915010706255,11,0
e4d144f2-4094-3d5a-aa0b-7e1c7ee3e519,eea92149-820f-301f-911e-b170e8312842,Marcy588 Hamill307,F,GENERAL PRACTICE,123 SUMMER STREET,WORCESTER,MA,016102177,42.26496835,-71.79655403681465,83,0
3ab8cb3d-39e2-3bc0-b748-f0d0b7ff9765,19a3afba-b409-3650-a0ab-f3faf6e391ef,Patrina117 Strosin214,F,GENERAL PRACTICE,199 REEDSDALE RD,WALTHAM,MA,024511433,42.3756401,-71.2358004,730,0
77da3e1c-efda-300a-9dfe-1210219a6104,0e9d0119-1157-35a0-8bb5-7e0aa3041928,Gino587 Trantow673,M,GENERAL PRACTICE,1049 MAIN STREET,SPRINGFIELD,MA,011032114,42.09977055,-72.58470990760483,311,0
30c1ef29-d464-353a-a238-2f55e674d64a,5de0661c-5943-365b-93c7-8ab84e1df09c,Delbert384 Carter549,M,GENERAL PRACTICE,28 LINWOOD RD,LYNN,MA,019051638,42.4703546,-70.964796190519,1,0
d86dba46-68b0-3efb-bce8-354edc2d6c88,76b7dbb5-0a02-32a4-9a01-3511f7e45016,Emerita401 Satterfield305,F,GENERAL PRACTICE,59 COUNTRY WAY,SCITUATE,MA,020663746,42.1806871,-70.74862935148246,81,0
f14afe07-a3b8-31f0-a1ad-8f1c523401bc,83a08dcf-7ed6-3d2e-afc0-a72c05d2563c,Jerri638 Stiedemann542,F,GENERAL PRACTICE,755 MAIN ST,HAVERHILL,MA,018302166,42.797835,-71.0878121,45,0
c2054230-9a1f-3651-81eb-25da0c745670,b826cbda-f69b-32d0-9e6e-edcb80f692bb,Kisha966 Beahan375,F,GENERAL PRACTICE,169 VALENTINE ROAD,PITTSFIELD,MA,012013042,42.45821049070386,-73.27683573566691,5,0
7653d15d-5aca-3d97-b9fa-56fcbdc233f1,25c85bcc-7e25-36bc-89e8-08e0d473db23,Sharron285 Okuneva707,F,GENERAL PRACTICE,138 S MAIN ST STE 14,MILFORD,MA,017573272,42.1270746,-71.51639128815474,252,0
2cb5c438-2876-3b2b-8184-d313b2a34fb6,eb9188f8-3f7a-3794-a349-94f88f7ff41c,Hattie299 Kuhlman484,F,GENERAL PRACTICE,119 PROVIDENCE STREET,WORCESTER,MA,016044429,42.25031935,-71.79212030621437,2,0
6232f242-57d2-3efd-a88b-82615becac52,c9aabcbd-d4e0-391f-8980-d0be6934ea82,Lindsay928 Leffler128,M,GENERAL PRACTICE,340 PLEASANT ST,BROCKTON,MA,023013236,42.08764334999999,-71.03287346676532,60,0
93499f32-13ec-3f0e-8624-b540b023d801,d9b71ccf-6649-3555-9e99-44eac0af257f,Darlene91 Collier206,F,GENERAL PRACTICE,655 DEDHAM ST,WRENTHAM,MA,020931135,42.084901,-71.30689224201797,49,0
db24f441-1867-3837-95aa-947a7951b2af,7348f15f-ec3d-3aef-821a-8de550c90f26,Dudley365 Pfannerstill264,M,GENERAL PRACTICE,292 WASHINGTON ST,GLOUCESTER,MA,019304832,42.6249323,-70.6824382785235,1,0
4cfe0260-5395-31ab-ad79-31928ddd8033,81991e0d-8034-36c8-be5c-624b44cb67de,Xochitl483 Predovic534,F,GENERAL PRACTICE,76 NORTH ST,MIDDLEBORO,MA,023461619,41.9014651,-70.91375666607357,1,0
eb8a9903-e79c-31be-880a-8aa9774c4323,2f5c26cd-be8d-351a-97af-23fbcaba0967,Jamal145 Casper496,M,GENERAL PRACTICE,36 CORDAGE PARK CIR,PLYMOUTH,MA,023607320,41.978323,-70.689036,2,0
bbd549c6-2492-3e7e-b64b-0fd969ed4799,e68de1a0-767e-3466-b9a6-43948ee073d3,Gene733 Ratke343,M,GENERAL PRACTICE,160 WELLS AVENUE,NEWTON,MA,024593302,42.29337605,-71.19806353028767,8,0
0e9a9c6b-9f12-39b7-9e3a-3b5e7bcfd564,2fb77691-5353-358a-bc94-90af77dd654b,Donnell534 D'Amore443,M,GENERAL PRACTICE,200 GROTON RD,AYER,MA,014321168,42.577352149999996,-71.57414587343038,171,0
f319f66c-a086-36d8-8b06-b8c569bc71ce,cbebae9e-f95e-3d2c-9712-289ea8d6aeec,George991 Haley279,M,GENERAL PRACTICE,49 ROBINWOOD AVENUE,QUINCY,MA,021698130,42.2509914,-71.0037374,679,0
6c4cc24b-8d19-30b3-89cc-27e52518bb4f,1cec4304-9757-3a10-ad4f-7e2090c56131,Theo630 Rohan584,M,GENERAL PRACTICE,55 LAKE AVE N,WORCESTER,MA,016550002,42.2774799,-71.76166994969458,993,0
7bb6b3f8-dd45-3f4c-89c3-3e212e0f3ec9,5862e05c-9533-3f7a-8f73-215d50f5ee2f,Estell607 Barton704,F,GENERAL PRACTICE,1200 CENTRE ST,ROSLINDALE,MA,021311000,42.29768,-71.130463,26,0
03bfbc75-fb28-3dff-958b-4a0c770c12b4,ec7e487e-7e78-3eac-a9ee-37f8de98a0f9,Sid118 Hammes673,M,GENERAL PRACTICE,277 WASHINGTON STREET,ABINGTON,MA,023512489,42.10060947239023,-70.94967338146704,8,0
ef970e7a-9ede-3964-a5bc-2b9eb5e0d8af,26d8e700-7d84-3b34-bfad-274b535ec244,Reagan466 Padberg411,F,GENERAL PRACTICE,421 North Main Street,Leeds,MA,01053,42.345066,-72.68291,261,0
ab39ffdf-1af7-38eb-9752-d9d6e75d9c37,ad482681-b4c4-3fce-ac59-78c83d31b0ba,Carmelo33 Turner526,M,GENERAL PRACTICE,130 CHESTNUT ST,FRANKLIN,MA,020383903,42.08345955,-71.38413379825735,3,0
34a53cef-fa3b-3ad1-b742-3846ccc31e25,a8f1424c-00bc-3403-8db5-cd600978f3a4,Amos720 Bogan287,M,GENERAL PRACTICE,8 BURNHAM ST,TURNERS FALLS,MA,013761816,42.6042523,-72.5564777,70,0
4ab71835-6b1b-30f8-bc61-42b9a4680fcb,411f14a5-de79-3e08-81d6-301270cc2275,Janee223 Harvey63,F,GENERAL PRACTICE,64 CONCORD STREET,WILMINGTON,MA,018872179,42.55962465,-71.13772203658047,178,0
0e2fa53f-694f-3392-bcb1-d82c060bc269,471f7ca2-38f8-3080-8109-187c73ec0b1f,Reginia455 Johnson679,F,GENERAL PRACTICE,27 CONGRESS ST,SALEM,MA,019707308,42.518722068313224,-70.88940635956651,95,0
a285f3dc-727d-3144-af94-3712674c8904,a5577e5c-b886-37a0-8eee-8ff6feb7ea6b,Leopoldo762 Keebler762,M,GENERAL PRACTICE,330 MOUNT AUBURN ST,CAMBRIDGE,MA,021385502,42.3741033,-71.13417575971958,1229,0
dff4e1fb-ef6e-3115-b87a-9ff93f33c63b,20df65a4-7567-3066-b680-0f71b0c31d38,Kristina583 Bashirian201,F,GENERAL PRACTICE,242 GREEN ST,GARDNER,MA,014401336,42.58685735,-71.98748072431209,566,0
2f665d58-b97d-3f9f-a397-1c325986bf95,5581e43d-0463-3a0b-afc7-a60aea5ac96c,Brock407 VonRueden376,M,GENERAL PRACTICE,57 RIVER RD,ANDOVER,MA,018101144,42.69112645,-71.19636086287642,115,0
b7dc97a1-a64f-342a-b912-0dc27d561942,7dcab1ad-0e13-3700-9eb0-70767c5e2b55,German382 Wilkinson796,M,GENERAL PRACTICE,1515 ALLEN ST,SPRINGFIELD,MA,011181803,42.095299499999996,-72.50943136142334,37,0
cb500fb1-b507-309e-b575-c126990b101a,9485907a-9f9c-3c19-a424-b402ee8f99c2,Lavern240 Bogisich202,M,GENERAL PRACTICE,101 PLANTATION STREET,WORCESTER,MA,016043025,42.258026400000006,-71.78384882397785,17,0
c1c1b80f-ffa9-3380-ba9b-be1f78518ae9,6ea4d3d6-d820-387a-a3d1-ed5944ad47a2,Nicolasa738 Larkin917,F,GENERAL PRACTICE,232 PLEASANT ST,METHUEN,MA,018447152,42.7397562,-71.17113575205717,67,0
5fe88639-309e-3966-908e-ebda662f46c4,1494b446-f1aa-3752-8d9c-8eb801059e77,Shoshana283 Bailey598,F,GENERAL PRACTICE,439 COLUMBIA RD,HANOVER,MA,023392393,42.108043699999996,-70.81047504431497,9,0
4d255ee3-64ac-3559-a78e-d4e71457e31e,c630c98b-cbfb-3260-a984-4bbf511de98d,Selma398 Beier427,F,GENERAL PRACTICE,135 S HUNTINGTON AVE,BOSTON,MA,021304885,42.328899,-71.110855,2,0
ccc5709c-b643-355a-a3e3-95322bc2b749,9b8a7a25-b923-3710-9f3c-d42919a3f54f,Kayce253 Ondricka197,F,GENERAL PRACTICE,146 MAIN ST,MAYNARD,MA,017542651,42.4309786,-71.4552968,41,0
b3592cc8-09b3-39ff-93fd-c7d9d05af8d4,62b55e5b-b58f-354d-8f2d-f2a330bc619e,Paz9 Gerlach374,F,GENERAL PRACTICE,201 HIGHLAND ST,CLINTON,MA,015101037,42.42738865,-71.69329092351188,93,0
eba78215-e8c0-330a-a279-150a3850033c,966245ce-e84d-36b0-a838-2e0b5bb2e668,Refugio197 Crooks415,M,GENERAL PRACTICE,1425 BLUE HILL AVENUE,MATTAPAN,MA,021262122,42.2754929,-71.09384131587021,45,0
4034c3e5-dbfb-3680-b7ec-88abb1756b63,b574fc4f-313c-38a4-9baf-7e12e431a499,Steven797 Schulist381,M,GENERAL PRACTICE,511 W GROVE ST,MIDDLEBORO,MA,023461479,41.90036455,-70.9535889372234,89,0
11e1265f-13ff-3f8c-8601-a7152ee4e727,9dbd44ba-59b2-3d1d-ac91-3880af8081d2,Tori754 Larson43,F,GENERAL PRACTICE,529 MAIN ST STE B,ACTON,MA,017203965,42.4878132338563,-71.43046999422496,130,0
de47f41c-17ca-302e-89d8-53ccdb846f98,b7866c75-5e56-36b0-b9c5-c63051677b69,Elias404 Skiles927,M,GENERAL PRACTICE,45 RESNIK RD,SANDWICH,MA,02563,41.7579043,-70.4968152,56,0
22a0f8e1-96a0-3e8c-b8ed-ea77b7e51c3a,9656a864-3b93-356f-9fa6-d7988e249977,France571 Feil794,F,GENERAL PRACTICE,950 N MAIN ST STE 203,RANDOLPH,MA,023683064,42.1871612,-71.0568102,15,0
92813d73-7da8-3aa7-9dcf-8f9be886456f,4eddfa13-f996-3048-9bbc-541b0a29038a,Annelle169 Schmidt332,F,GENERAL PRACTICE,736 CAMBRIDGE ST,BRIGHTON,MA,021353601,42.348649949999995,-71.14799584850206,50,0
bae7f6a8-f901-35e3-b83f-2c130cdee774,845fbd9b-2d1c-39a8-8261-28ae40e4fab2,Sam879 Rippin620,F,GENERAL PRACTICE,14 PROSPECT STREET,UPTON,MA,015681431,42.1700209025178,-71.59409308099494,785,0
f0c850b3-28a9-3644-9e42-f672f92f779c,946ec45f-5c4a-361f-b158-927144864133,Elvira561 Montaño969,F,GENERAL PRACTICE,19 MIDSTATE DRIVE  SUITE 130,AUBURN,MA,015011856,42.1894693,-71.85604765,31,0
ba2bb072-60b0-32cf-a65b-71b16f116aff,bac9dc0c-cb0f-3fa6-aa12-819dd0fb922a,Floy720 Greenfelder433,F,GENERAL PRACTICE,1493 CAMBRIDGE ST,SOMERVILLE,MA,021452935,42.3875968,-71.0994968,292,0
6abcd504-c6fa-38c8-96f8-9f637abc03ff,84d5768f-3a21-3da9-aad2-bbf7a3ae2700,Hank686 Schneider199,M,GENERAL PRACTICE,817 MERRIMACK ST,LOWELL,MA,018543548,42.650296999999995,-71.32263756223612,188,0
a300310c-c22e-3dd1-8be9-08ba1875c50b,9ce6072b-d039-3cde-8eaf-950211b8ae88,Terrie907 Ratke343,F,GENERAL PRACTICE,147 S MAIN ST,MIDDLETON,MA,019492446,42.585787222720036,-71.00861442427218,47,0
d33e1884-a2ee-344f-b23a-9108fcdf0c20,2576629d-4a1a-3a63-8c08-779cbd8ef98b,Maximo817 Bashirian201,M,GENERAL PRACTICE,204 MAIN ST,ORLEANS,MA,026533428,41.78516795,-69.96772048551409,60,0
e2f053ef-8840-372d-9cf4-36e261e6afcf,af8566eb-8918-3ec7-ba44-92b6a2cf8097,Trevor374 Walker122,M,GENERAL PRACTICE,81 HIGHLAND AVE,SALEM,MA,019702714,42.5112107,-70.90516241826194,1172,0
cf932963-4e74-3a81-9b2c-6d18602a8b81,d4a03501-69f6-3a89-ac27-ed25976fdb6f,Clarence5 Hyatt152,M,GENERAL PRACTICE,25 WOODLAND ROAD,STONEHAM,MA,021801705,42.450448800000004,-71.09076944938434,34,0
d5c0512f-cd0b-3ed3-8e6c-f51e6d165940,d1d4d104-68cb-356b-9086-888de7d2826f,Ellyn26 Windler79,F,GENERAL PRACTICE,61 Lincoln Street  Suite 112,Framingham,MA,01702,42.28348,-71.41845,392,0
db7e1b77-99c4-38c9-bd54-6dd14807c858,ecd3b321-0a8a-3ce6-81f0-982dd77fce43,Tracie996 Lesch175,F,GENERAL PRACTICE,25 HIGHLAND AVE,NEWBURYPORT,MA,019503867,42.81369325,-70.89091645747592,503,0
2df07dd4-4430-3455-aa64-b2cc5fcaf555,eb2596c3-8814-3add-8516-474214bf5c62,Carolina179 Balderas66,F,GENERAL PRACTICE,250 W UNION ST,ASHLAND,MA,017211420,42.24214015,-71.48110671819278,3,0
78a8453b-a601-383b-8564-8a1a180f5172,058176fd-cbb0-328b-8411-c19f5045032d,Breana975 Sanford861,F,GENERAL PRACTICE,840 EMERSON GARDENS ROAD,LEXINGTON,MA,02420,42.43761961817366,-71.19888753880475,32,0
9b2f2182-e2fe-38ee-aa2e-df61c2c948a8,a036cdf2-bbc5-3ffd-987f-56e437fd8b74,Shayne60 Gutmann970,M,GENERAL PRACTICE,265 N MAIN ST,SOUTH YARMOUTH,MA,026642083,41.680980000000005,-70.18292625685085,29,0
cd9d482f-9869-3f10-8854-a0ed82d285d5,2fbb592e-2154-3a4d-856e-467d7ba5bed7,Cora299 Pagac496,F,GENERAL PRACTICE,780 MAIN ST,GREAT BARRINGTON,MA,012302148,42.17823835,-73.36310566431717,59,0
0765ee50-1c3a-3201-8157-ebed57f0cae2,4f5e8f16-a31b-3071-8556-d7188ede313d,Barrett790 Wolf938,M,GENERAL PRACTICE,575 BEECH ST,HOLYOKE,MA,010402223,42.20105435,-72.628169560868,96,0
40bfa884-f69a-38ef-9ae3-bf0cafd306d1,615416de-5217-3c11-9828-2d4bacd1d9cb,Brooks264 Williamson769,M,GENERAL PRACTICE,434 ROUTE 134,HYANNIS,MA,026011854,41.6753274,-70.309939,3,0
1208d293-6fd9-383c-81cd-28450ef99bb8,218e58e4-9642-3ebd-9b39-34d15f22c620,Jamie386 Lowe577,M,GENERAL PRACTICE,977 MAIN ST,WALTHAM,MA,024517406,42.376452150000006,-71.25063779999999,148,0
529f577f-d51d-3161-ac78-1942f2ef1104,9a20d707-68e4-32c0-b2b2-2f5d5c2012cd,Lorinda137 Pouros728,F,GENERAL PRACTICE,131 CAMBRIDGE ST STE 1,BURLINGTON,MA,018033711,42.50284395,-71.19574553661971,113,0
d12f6dd7-9c5b-39b7-af97-4e1f20424a97,f90ef475-defe-363d-a926-573b38f804a2,Kristopher775 Schiller186,M,GENERAL PRACTICE,54 HOPEDALE ST,HOPKINTON,MA,017481672,42.2288875,-71.5196439,91,0
27b5b9df-dfa7-3ede-b985-4c70ab060b19,071a898d-3535-39fd-bf61-d33301aacd04,Felicidad691 Luettgen772,F,GENERAL PRACTICE,104 CHARLES ELDRIDGE RD,LAKEVILLE,MA,023471370,41.8459353,-70.9494854,85,0
cc56068b-cf40-3058-815b-d0e2c24dbd29,41f66e18-8eb7-32f2-9371-7df5bf2b8d21,Lonnie913 Mraz590,M,GENERAL PRACTICE,170 UNIVERSITY DRIVE,GREENFIELD,MA,013011238,42.6097476,-72.5979752,19,0
8e99df43-3fe5-39f0-b6a5-08d7a17f14ea,a25107f7-f4f5-36fc-98e4-f3e1b5875c91,Tracy345 Wilderman619,M,GENERAL PRACTICE,1285 BEACON ST,WOBURN,MA,018012157,42.4979478,-71.1684508,34,0
3a99d995-fa88-3770-93e9-dce71a776e40,0e6c3ad1-24c1-34cb-bb6d-e8438fa319e2,Vern731 Casper496,M,GENERAL PRACTICE,50 DODGE ST,SWAMPSCOTT,MA,019071300,42.4699241,-70.9171507,57,0
48e6ea58-b97b-3bf9-aba0-5f1b32d2c7aa,b4ca31a9-9d34-3ea1-93c4-443941622304,Ellie521 Nicolas769,F,GENERAL PRACTICE,102 MAIN ST,GREENFIELD,MA,013013224,42.5879173,-72.6055828841603,233,0
08caa961-f744-3419-9f6a-622d445ba0c1,e7bb7a43-c0a8-3b23-92e5-52a6c2a7721a,Bradley693 Thiel172,M,GENERAL PRACTICE,65 JAMES ST,WORCESTER,MA,016031036,42.2330815,-71.8494199,23,0
ac0e139a-225b-3d98-ab83-f49a22892ec7,3662bcd2-07cc-364c-bd86-161bb738aacf,Andy346 Dare640,M,GENERAL PRACTICE,1340 CENTRE ST STE 208,NEWTON,MA,024611900,42.3281027,-71.19582114345262,1,0
3511dd3b-2eea-3ad5-9828-8312e880a49c,4f9dd195-07b8-3a81-8b7a-58852a0e6cdf,Tonja658 Goyette777,F,GENERAL PRACTICE,47 E MAIN ST,WEST BROOKFIELD,MA,015852906,42.2355113,-72.1381676,1,0
81f9316d-2936-34af-98c9-c1adb30c46ee,43ee6bb5-8efa-3bfc-8ca8-1579a5267753,Benjamín452 Rivera179,M,GENERAL PRACTICE,235 N PEARL ST,BROCKTON,MA,023011794,42.09805395,-71.0609587194362,247,0
aac24792-26d8-348f-8c0f-2aa96f079b2f,3695125c-c052-3ece-898a-2a6448987ae5,Rosanna866 DuBuque211,F,GENERAL PRACTICE,2040 BOSTON RD STE 5,WILBRAHAM,MA,010951380,42.150295650000004,-72.47288272264812,22,0
914233dc-39c4-3d09-ae6c-ce51dac0c6bc,63b93742-6c13-3309-92b6-f7c858e9f320,Marietta439 Schmeler639,F,GENERAL PRACTICE,77B WARREN ST,BRIGHTON,MA,021353601,42.348002699999995,-71.14205064012461,26,0
1d302272-0e1f-3dd7-9915-9eb6b6298c3f,bdd9ad72-443a-3563-a626-4c45f6d058b2,Zachary28 Bogan287,M,GENERAL PRACTICE,147 PELHAM STREET,WORCESTER,MA,016072105,42.265209,-71.814005,34,0
baf28c44-e2ba-3e3a-9279-1f6deed78dd6,05fcf001-ab24-3d7d-85f7-f64942d82738,Nickolas58 Schumm995,M,GENERAL PRACTICE,250 POND STREET,FRAMINGHAM,MA,017014592,42.2838619,-71.4093719,624,0
8b532e75-7cc8-3c05-9531-34ba5830f662,8789c07e-d15d-378d-ba2b-d2b49ebb6db4,Ollie731 Bosco882,F,GENERAL PRACTICE,800 WASHINGTON ST,WOBURN,MA,018011976,42.4946907,-71.1242899,44,0
bac6b529-bce4-31ce-853a-bd9857d8abf0,7e6db51f-7c1b-3555-9e1c-6269ba6d704d,Drew592 Streich926,M,GENERAL PRACTICE,120 STAFFORD STREET SUITE 206,WORCESTER,MA,016031461,42.239638,-71.8443785891577,22,0
cd7ce42e-d1ad-3dbb-84c2-1185cea3b950,83769f98-fff3-3535-8781-6ace5957136f,Emilia403 Breitenberg711,F,GENERAL PRACTICE,115 NORTH AVENUE,ROCKLAND,MA,023702129,42.13496385,-70.92237824494691,19,0
0d01932d-e3b5-3013-b364-1cf43b96fe2b,b529b631-551f-3344-82e4-c58c8b3b1716,Kirk871 Hills818,M,GENERAL PRACTICE,135 ELLIS AVE,NORWOOD,MA,020623946,42.2071374,-71.1867275198222,1,0
320cb907-5f07-3697-adcd-d50e86279658,e7b77e8f-b607-3273-aef9-ad1bca48813f,Rolland302 Turcotte120,M,GENERAL PRACTICE,209 W CENTRAL ST STE 216,NATICK,MA,017603716,42.28202598359604,-71.3899479380402,48,0
332f3c82-36c6-3d67-a7f1-7f6e69da46de,1b26464f-ebe5-3045-b976-40f9979418c6,Vernie449 Tillman293,F,GENERAL PRACTICE,243 KING ST,NORTHAMPTON,MA,010602367,42.331161,-72.634183,1,0
ba0ae5e3-7f8f-3fa0-8062-d0ef937e006f,05cd3fbb-08ce-38bf-b680-721a3e902d43,Lita714 White193,F,GENERAL PRACTICE,9 WARREN CT,SALEM,MA,019703163,42.51586993877551,-70.90514912244899,71,0
99f7cecd-034e-3fc9-bcec-40c59a80e052,0e3a24c3-b772-3059-b3fd-8a4710068a82,Rex53 Gerhold939,M,GENERAL PRACTICE,416 BROADWAY,RAYNHAM,MA,027671737,41.940680799999996,-71.07864352196617,49,0
77ae3a8c-6748-3804-97c8-852e06a6688a,28d71598-85eb-3a0e-90c1-22e0be1af57c,Jodie811 Hermann103,F,GENERAL PRACTICE,38 MULBERRY ST STE 204,NORTHAMPTON,MA,010602832,42.35436315,-72.70256804599192,28,0
980231dc-bfe8-3b9c-ba16-46e614621625,f68ebf98-ba5b-35af-b2bd-da56cc5b13be,Shaun461 Hintz995,M,GENERAL PRACTICE,270 LITTLETON RD STE 22,WESTFORD,MA,018863524,42.5569148,-71.4366336131239,2,0
532c22c2-9f3c-3d88-829a-51ba354f5bc7,b8d40f5c-9e4d-3639-89ef-8bf375cb3184,Joshua658 Howe413,M,GENERAL PRACTICE,190 OLD DERBY STREET,HINGHAM,MA,020434065,42.1807101,-70.9170852970031,7,0
1de896ad-87a0-38f7-aa6a-30863431d702,a537b406-fdfa-36b4-84da-12512e7e6c63,Margrett284 Davis923,F,GENERAL PRACTICE,795 MIDDLE ST,STOUGHTON,MA,020721829,42.1252079,-71.1022015,270,0
e97d1f36-b0f4-3455-9084-1736ba4eb4d4,f5c6acf1-d209-3ba2-9fec-f70dda7001f0,Chantal971 Lehner980,F,GENERAL PRACTICE,320 MAPLE AVE,GREAT BARRINGTON,MA,012301951,42.18317635,-73.37707900285446,3,0
aac7a243-2c7e-3ba2-87b4-2c377352b4dc,e5d50afe-8c7d-35f5-96f5-fb8941403b0f,Justin359 Hayes766,M,GENERAL PRACTICE,125 S CLARK ST STE 900,FALL RIVER,MA,02722,41.74223,-71.129706,172,0
ae0d08f0-2e53-3971-b31e-3a40c08da656,9adfae03-673d-365d-9052-f705098fa3e4,Sharilyn202 Wolff180,F,GENERAL PRACTICE,51 BLOSSOM ST,BOSTON,MA,021142699,42.36305545,-71.06643399281765,1327,0
08694b82-9b57-3e16-acea-11b9f4f844e7,48a07866-e8d7-3268-aa3c-ca3237c8e6f3,Devona405 Stamm704,F,GENERAL PRACTICE,188 PROVIDENCE ST,HYDE PARK,MA,021361861,42.2682551,-71.12174592925336,36,0
06735004-78c8-367d-988a-853b50873c61,25431f9a-00e4-36d8-9810-4125328eec50,Paris331 Ruecker817,M,GENERAL PRACTICE,55 FRUIT ST,WALTHAM,MA,02451,42.3756401,-71.2358004,188,0
90ac849b-c3ef-316c-b172-5cce9f1cdb31,89171335-b9c0-3326-98d6-a837d432b9fd,Louis204 Hauck852,M,GENERAL PRACTICE,150 FLANDERS ROAD,LYNN,MA,019042915,42.466763,-70.9494939,241,0
d7b694ef-3bd6-3131-b434-02a44134f120,7cd7fc5c-3fa7-3b6e-b3c9-0dbaec2a3470,Frederica279 Roberts511,F,GENERAL PRACTICE,505 FRONT STREET,CHICOPEE,MA,010133140,42.14871685,-72.59756969862315,38,0
98258e72-a328-3d07-9899-5db896a31766,15d0e449-642a-3d9e-8629-16c7e4a9e4b4,Britt177 Schmitt836,M,GENERAL PRACTICE,71 CENTER ST,FAIRHAVEN,MA,027193822,41.635798300000005,-70.90010980146215,1,0
70615224-03bd-365a-9b95-b81c8df8a1ff,01bde980-bf89-3138-8912-7360dff33247,Bradly656 Lang846,M,GENERAL PRACTICE,456 PARK AVE,WORCESTER,MA,016101254,42.25512735,-71.82580924803523,44,0
25224f54-cc15-3cbd-a4ae-8fad32bcfd9a,217cb6f6-e822-3831-9d9d-ffa104971042,Cira533 Jakubowski832,F,GENERAL PRACTICE,2 REHABILITATION WAY,WOBURN,MA,018016003,42.46352265,-71.161925472006,583,0
7e3ab3bd-1dcf-3146-a280-337bcd38ed24,8a6e21d0-da20-3378-8176-4e5ad2b51983,Laine739 Torphy630,F,GENERAL PRACTICE,84 ELM STREET,HOLLISTON,MA,017462138,42.20234485,-71.42493275079366,16,0
73312883-62b0-331e-b5e1-0a369095f753,4e56c7ec-99e5-3023-8e4f-95ad18a03f06,Duane703 Bosco882,M,GENERAL PRACTICE,28 RIVERSIDE DR STE 101,PEMBROKE,MA,023594947,42.11004715,-70.77534154695786,205,0
637e2b23-ec05-3075-b670-5120ffc465de,e2a8b444-9b8f-36ff-84c4-05ee98589482,Francisco472 Gusikowski974,F,GENERAL PRACTICE,8 SHIPWAY PL # C-8,CHARLESTOWN,MA,021294301,42.3778749,-71.0619957,264,0
64aad52c-7edb-3f02-acaa-7496b7f658b6,65dac97b-bb0c-38ae-94bc-bf29ac9687ea,Sebastian508 Rowe323,M,GENERAL PRACTICE,265 MAIN STREET,DALTON,MA,012261614,42.472932099999994,-73.17745071097283,13,0
9c7c529c-0c4c-3081-a6c4-ac4d688ff80a,71f4c23f-7559-31ff-8f42-a672e80b85a2,Sallie654 Jast432,F,GENERAL PRACTICE,300 FIRST AVENUE,WESTBOROUGH,MA,015812831,42.2694308,-71.6129907,390,0
e6823cbf-4ce6-323b-a930-6ad0295056e6,9f061925-3642-3352-815e-8c3b2fcfbfaa,Zola306 Goldner995,F,GENERAL PRACTICE,1 DEL POND DR,CANTON,MA,020212759,42.172339,-71.112632,1,0
5c42bce0-175a-32a0-a460-e94a8514cff1,05f80ed8-6a7a-3728-8b5c-c5c995c8244a,Peter292 Cartwright189,M,GENERAL PRACTICE,150 South Huntington Avenue,Jamaica Plain,MA,02130,42.32809,-71.11076,101,0
15574bb9-dc14-3eb5-89a6-8ec5927115a3,3517aff1-b163-3cd5-8fff-19710fcdc1b7,Ladawn167 Cremin516,F,GENERAL PRACTICE,400 HEMENWAY STREET,MARLBOROUGH,MA,017526762,42.36006255767826,-71.5077613040944,17,0
f40844c2-66f9-3ecd-94f0-573898ed0724,18d2c9c2-4b92-3664-9b8e-419aff3ce942,Raymon366 Block661,M,GENERAL PRACTICE,175 GROVE STREET,BRAINTREE,MA,021847253,42.19127375,-70.99279579751581,16,0
ef36af26-e8af-33f8-8763-c523aac9c85a,121b0ad1-1beb-3caa-9271-3d3f726bb727,Kyoko885 Price929,F,GENERAL PRACTICE,1030 MAIN STREET,WALTHAM,MA,024517447,42.375828,-71.2527956,132,0
d0b3b2d2-1949-397f-9e40-dfe8fe5d8a94,db60692f-cbef-315b-9fce-38a7f015c482,Aurelio227 Hilpert278,M,GENERAL PRACTICE,72 SHARPE STREET,SCITUATE,MA,020664534,42.1939754,-70.7697128,55,0
94b7ffc1-9ba0-3b4d-834d-1b5d5d50231e,883f57b8-89c6-3dc4-b6da-047705c88623,Parker433 Bailey598,M,GENERAL PRACTICE,363 HIGHLAND AVE,FALL RIVER,MA,027203703,41.7093779,-71.1460783680883,892,0
aac95dbf-02ef-3f7f-a9d5-be184b079996,9ba25035-53e5-344b-9b9e-94331a58d1d4,Lucilla742 Schultz619,F,GENERAL PRACTICE,420 MAIN ST,WALPOLE,MA,020812553,42.161882199999994,-71.2388707178431,59,0
9dd1ba03-bdf8-347e-982e-d0b3e174a11b,0a2252ba-33de-322f-8f0a-e5b0141f1780,Hue920 Block661,F,GENERAL PRACTICE,632 BLUE  HILL AVENUE,DORCHESTER,MA,021213213,42.2941088,-71.0885355,80,0
fcb6e372-85b5-35e3-ac06-12713d4fc195,f3a64526-e8aa-36bb-ac9a-4a6b9fd7d0f6,Greg949 Corkery305,M,GENERAL PRACTICE,385 GROVE ST,WORCESTER,MA,016062726,42.286333299999995,-71.80745147942015,51,0
5ad4e2c0-31ca-3c29-866f-3f6ea56898ca,4f029aea-a3f7-3429-a477-45cfe183c3f9,Marchelle563 Lesch175,F,GENERAL PRACTICE,1675 NORTH MAIN STREET,LANCASTER,MA,015232405,42.4761132,-71.6873032,14,0
93168daf-4cca-3da8-81c6-e4851968b86d,f6ba791e-fe68-3596-bef4-60751db6a60e,Cleo27 Crooks415,M,GENERAL PRACTICE,37 BIRCH STREET,MILFORD,MA,017575501,42.1424349,-71.48943173357203,21,0
6c11d74c-0b5a-3b96-a70e-bfc97bcca386,2fc3d86d-4194-3ad1-bb8a-99d5d34119a1,Trent525 Krajcik437,M,GENERAL PRACTICE,300 CONGRESS ST STE 203,QUINCY,MA,021690907,42.2345525,-71.01493330273374,125,0
f815ba87-0883-34aa-bde7-4b11a57e23c6,e1892a2c-6dca-3c4c-93b7-0e00a9eb8b61,Maragaret140 Erdman779,F,GENERAL PRACTICE,20 EAST ST,HANOVER,MA,023391638,42.1278249,-70.82664947485381,57,0
7a558082-c11c-3611-bc8d-f8581af6ed9d,67cade01-dcfe-37b7-8e2c-b712d9e6fbba,Terrence276 Wintheiser220,M,GENERAL PRACTICE,694 MAIN ST,HOLDEN,MA,015201862,42.3406819,-71.8390289,58,0
b2ff05af-4786-37d4-abfb-0a2db0755fdb,11a40a26-a5a3-331d-aef0-d06dd90e2b4e,Jacinta658 Wintheiser220,F,GENERAL PRACTICE,10 OSTERVILLE WEST BARNSTABLE RD,YARMOUTH PORT,MA,026752000,41.7020544,-70.249465,41,0
cbe06784-16d2-36f8-b666-f7de080ba1ae,b954c464-11ea-312b-a3f8-1350775bfa54,Rupert654 Walker122,M,GENERAL PRACTICE,123 CAPTAIN'S ROW,CHELSEA,MA,021504019,42.3917638,-71.0328284,9,0
8e71962c-bbe5-38d9-95e8-747385c4109e,9f368e75-397f-3d77-a317-9a005512a4e2,Franklin857 Pfannerstill264,M,GENERAL PRACTICE,381 PARK AVE,WORCESTER,MA,016101026,42.2583962,-71.82204240042036,89,0
703b69a9-dd54-3b79-b0f4-26a51440de0a,4d3ec6c2-f6aa-3d7b-adcc-e7107dac8530,Armand155 Schultz619,M,GENERAL PRACTICE,14 MASONIC CIRCLE,AUBURN,MA,015011341,42.181923125,-71.86839612499999,37,0
5ec991d8-34f7-30a0-a391-aa6d6bb5de6f,01222fd8-89bf-3d48-a0ed-95f572bb622c,Madelyn308 Dach178,F,GENERAL PRACTICE,345 COURT ST STE LL2,PLYMOUTH,MA,023604329,41.97592055,-70.68653014146545,42,0
e9279e34-99b0-3712-a17d-c67baab37e82,7cb70963-6f86-3eab-a12b-88deb31de793,Kraig824 Ledner144,M,GENERAL PRACTICE,18 DANA HILL ROAD,STERLING,MA,015642414,42.4106904,-71.7976286731579,6,0
fd8fcd25-4203-301a-b71d-d68b52684387,95f6c328-96dd-3fb8-a56e-9aad566094b4,Burton124 Schoen8,M,GENERAL PRACTICE,4 STONY HILL ROAD,WILBRAHAM,MA,010951027,42.1552861,-72.48384800788648,44,0
ba6a8660-efc7-337f-9b8b-9b08e9f9c03a,47602b5b-f4aa-3c73-aa26-2268ccf7a83c,Christopher407 Fisher429,M,GENERAL PRACTICE,90 LINDALL STREET,DANVERS,MA,019232125,42.574712149999996,-70.94359556912616,15,0
3e2297d7-f90c-3bff-9b30-c53e9b89d42f,035b7574-2fec-3922-8b57-2388164422e6,Shella455 Reichel38,F,GENERAL PRACTICE,874 PURCHASE ST,NEW BEDFORD,MA,027406232,41.636177,-70.926054,99,0
ea09c3cf-6456-31a9-896d-56fc8e67e37e,6d16a8e3-3569-38ab-afac-a2f8c1125085,Lynn917 Crona259,M,GENERAL PRACTICE,1010 WALTHAM STREET,LEXINGTON,MA,024218052,42.4139392,-71.22929265883278,2,0
d7a5abe0-eb7b-30a8-9beb-a1de864e1f85,486bf543-9696-3d51-aa70-28a3044ce490,Chad48 Weissnat378,M,GENERAL PRACTICE,777 NORTH STREET,PITTSFIELD,MA,012014147,42.46054825,-73.24880457390918,65,0
bc50be50-bfc7-3f96-b601-761a072d5b9b,528231d3-78b8-39ec-a3d0-fea14af9462a,Monte325 Mohr916,M,GENERAL PRACTICE,63 LOCUST ST,DANVERS,MA,019232240,42.57284679999999,-70.93631390759089,1,0
c0c45bba-ea82-3937-97f3-0b3329deedec,91808f17-7583-32a3-aa55-23b131b327c7,Andrea7 Palomo90,F,GENERAL PRACTICE,200 CORDWAINER DR,NORWELL,MA,020611671,42.16352995,-70.8846291501739,65,0
a4f5d40f-1336-3b73-a898-6f3143911e95,76baa51d-0d0f-359d-a07b-7b999a43d42e,Dong972 Gibson10,F,GENERAL PRACTICE,101 STATION DR STE 240,WESTWOOD,MA,020902336,42.20728361922244,-71.15698168263435,64,0
3fc546b7-f022-3dd7-827f-f7fff1eca01d,02d7b144-352f-3eac-97db-6fc4a95bf1fa,Dante562 Reinger292,M,GENERAL PRACTICE,120 SEMINARY AVENUE,AUBURNDALE,MA,024662650,42.34002614299451,-71.24911543639162,5,0
a6a22afa-f9f9-3026-a884-5de4a7a0268a,4d780f61-40cc-3bcb-822b-cb51d398966f,Benton624 Stiedemann542,M,GENERAL PRACTICE,5 GAMELIN ST,HOLYOKE,MA,010404080,42.1642525,-72.63755321877633,1,0
5177b39c-d7c4-3593-9afd-3750b5b9c648,53f086de-2fc7-3d35-92c2-aca4ed944e7f,Chang901 Kutch271,M,GENERAL PRACTICE,1 GENERAL ST,LAWRENCE,MA,018412961,42.7097143,-71.15007700778098,720,0
c816f86c-9081-3eff-a291-32f3a0e263d9,44fc48e3-3fcf-3cea-b879-18d33cd93486,Malcolm243 Strosin214,M,GENERAL PRACTICE,146 DEAN ST,TAUNTON,MA,027802716,41.90428012423625,-71.0752596159568,1,0
2f4b9239-765d-3232-b57a-2af3687cb2d4,20f63278-6709-3195-b767-782d2a10bd5c,Jamie386 Krajcik437,M,GENERAL PRACTICE,640 CONCORD AVENUE,CAMBRIDGE,MA,021381116,42.389222000000004,-71.14799280677965,37,0
3d9741a7-4d52-311b-bd5d-b47e0aa3f8c7,e498871e-3c3d-3ea1-a79d-4bc09679de84,Chung121 Collins926,M,GENERAL PRACTICE,221 FITZGERALD DRIVE,NEW BEDFORD,MA,027453426,41.6995448,-70.92972651619661,1,0
4e0dc621-9801-3d0f-906f-83875fd9d69e,5c9dea98-c535-36fe-8a7b-778b991a7b2c,Isaiah615 Trantow673,M,GENERAL PRACTICE,95 Ashley Avenue  Suite A,West Springfield,MA,01089,42.139397,-72.62382,40,0
1d0b50c3-c7be-3771-9a24-465988ba96ae,c709c5eb-ddd7-3778-84f7-0931a4d1c718,Carmelina668 Goyette777,F,GENERAL PRACTICE,1200 CENTRE ST,ROSLINDALE,MA,021311000,42.29768,-71.130463,257,0
abcfde46-e03a-31b9-865d-fb6060a8f0b8,8d81bd8c-ad6c-37f7-95c9-75fd3de24e86,Clare187 Marquardt819,F,GENERAL PRACTICE,118 MAIN ST,STURBRIDGE,MA,015661533,42.0905134,-72.06606362965572,45,0
87bde055-de90-3487-9165-7ac6446422c3,c05d73d0-b348-32ce-9fe5-13a720950f37,Abraham100 McDermott739,M,GENERAL PRACTICE,45 DRUM HILL RD,CHELMSFORD,MA,018241503,42.6255635,-71.3615131,27,0
ce8ecd80-17be-3bb5-a765-95b562723c54,c0cc8f8d-a479-3f83-9e1f-1fd556b944ef,Kristofer887 Heathcote539,M,GENERAL PRACTICE,250 PARADISE RD,SWAMPSCOTT,MA,01907,42.47638005,-70.91253402512964,41,0
561a54a9-8904-32a2-b04d-556482f75f7b,ac0fde88-b0ad-3388-a4a8-b8fc2a4f4af2,Bobbye345 Wuckert783,F,GENERAL PRACTICE,150 YORK STREET,STOUGHTON,MA,020729105,42.144646800000004,-71.09875876961266,1078,0
bbd6a24f-12ef-355e-af45-43dfa557460c,0e061004-bcc0-3e99-a237-d700823e817b,Kizzie166 Lehner980,F,GENERAL PRACTICE,570 BALDWINVILLE RD,BALDWINVILLE,MA,014361351,42.5953045,-72.07447782689232,66,0
be3017ba-5598-388a-9260-f6f48c79e048,de3cc142-803a-3ed4-8945-75ec88a84784,Kory651 Trantow673,M,GENERAL PRACTICE,51 HOSPITAL ROAD,BALDWINVILLE,MA,014361215,42.6108483,-72.0608364,17,0
a0465e55-0489-38b3-8487-079930e1d226,0592d4e5-a0fb-3143-83cd-8e5a6b066a96,Anderson154 Lemke654,M,GENERAL PRACTICE,20 EAST ST,HANOVER,MA,023391638,42.1278249,-70.82664947485381,289,0
b24f268f-7157-3164-bd3c-efddb0fbfc6f,c67ca7ed-4769-3b6c-a0a9-993f1227ff10,Allen322 Veum823,M,GENERAL PRACTICE,1 BLACKBURN DR,GLOUCESTER,MA,019302237,42.6269312,-70.65555242413386,158,0
dd2022f8-cb02-3eda-bffa-28f945640f56,6b9c5830-a278-38ff-887f-ccefd74cf8e8,Fawn386 Hettinger594,F,GENERAL PRACTICE,184 LINCOLN STREET,NORTH EASTON,MA,023561799,42.06665855,-71.11947646404934,45,0
2c3eaabd-7856-3c12-8827-7ba0d396a7ad,612fb151-095d-3d11-942b-5907216f4dbb,Teodoro374 Cortez851,M,GENERAL PRACTICE,34 HAVERHILL ST,LAWRENCE,MA,018412884,42.71186535,-71.15197382279813,21,0
eae74980-fd4f-3647-a930-27e84749daa2,7b5bf0fc-c5c0-3f22-980b-fdfff326a9b4,Tabitha433 Kling921,F,GENERAL PRACTICE,40 CUMBERLAND AVE,NORTH ATTLEBORO,MA,027604445,41.9316677,-71.35407469790115,13,0
6ab55c83-0a00-3237-a638-534e7c666250,ba07b31b-bf14-39b8-be95-4c5ca5062daa,Kim439 Hyatt152,M,GENERAL PRACTICE,1575 CAMBRIDGE ST,CAMBRIDGE,MA,021384308,42.375209549999994,-71.10711344152975,39,0
b8704d71-ea2e-3ed4-8b0d-199d857ec8d7,064ba8c8-f6f7-3582-8f41-c963ceedfee4,Bernie827 Ankunding277,M,GENERAL PRACTICE,500 BELMONT STREET,BROCKTON,MA,023014985,42.07465845,-71.03975419622803,1,0
1f921f9b-3722-33a0-9d4c-ebcd99a2c7eb,6aae7a31-90df-3455-ad8d-81f8cf2d21e8,Houston994 Funk324,M,GENERAL PRACTICE,680 CENTRE ST,BROCKTON,MA,023023308,42.0872752,-70.9910738855076,397,0
329af4e3-1670-37a5-a23e-a658b4f80279,14036728-b721-3e4b-8755-8ee8ab6ed15e,Melodie819 Schmeler639,F,GENERAL PRACTICE,625 MOUNT AUBURN ST,CAMBRIDGE,MA,021384518,42.375351,-71.1468628,90,0
01903fb8-f225-3b48-8562-dee8a5d33830,104079d4-560e-3eb8-9a48-d495835a3997,Elsa29 Gallardo890,F,GENERAL PRACTICE,68 CAMP ST,MASHPEE,MA,026493465,41.6484421,-70.4811383,118,0
